Workbook

Sheet wsList
D1: ※ 오픈된 엑셀 파일만 대상으로 선택 (선택 디폴트는 현재 파일) | L1: 나눔고딕
D2: ※ 암호 해제 조건에서 함수가 정상 동작합니다. | L2: Times New Roman
B3: fullPath | C3: C:\MyWork\evms\pilot_WBS-CA_draft_v2.xlsm | L3: 10 | M3: (미적용)
B4: 번호 | C4: 워크시트 | D4: 설명 | E4: 비고
B5: 1 | C5: wsList | D5: 내비게이션 시트
B6: 2 | C6: Encrypt | D6: 워크시트 암호 설정
B7: 3 | C7: 안내 | D7: 워크시트 기능에 대해서 요약, 설명해 주세요.
B8: 4 | C8: CA_개요 | D8: 워크시트 기능에 대해서 요약, 설명해 주세요.
B9: 5 | C9: WP_상세 | D9: 워크시트 기능에 대해서 요약, 설명해 주세요.
B10: 6 | C10: 마일스톤_요약 | D10: 워크시트 기능에 대해서 요약, 설명해 주세요.
B11: 7 | C11: LOE_계정 | D11: 워크시트 기능에 대해서 요약, 설명해 주세요.
B12: 8 | C12: 가정 | D12: 워크시트 기능에 대해서 요약, 설명해 주세요.
B13: 9 | C13: 계획곡선_후보 | D13: 워크시트 기능에 대해서 요약, 설명해 주세요.
B14: 10 | C14: 계획곡선_보정 | D14: 워크시트 기능에 대해서 요약, 설명해 주세요.
B15: 11 | C15: 실적MM_입력 | D15: 워크시트 기능에 대해서 요약, 설명해 주세요.
B16: 12 | C16: EVMS_대시보드 | D16: 워크시트 기능에 대해서 요약, 설명해 주세요.
... B20: 16 | C20: 배포게이트_체크리스트 | D20: 워크시트 기능에 대해서 요약, 설명해 주세요.

Sheet Encrypt
H2: ★ 워크시트 E:N열 암호조건을 설정하세요. (R:W열의 가이드 참조)
D3: (수기 편집 불가 열) | E3: Variant | F3: Boolean | G3: Boolean | H3: Boolean | I3: Boolean | J3: Boolean | K3: Boolean | L3: Boolean | M3: Boolean | N3: Boolean
B4: No | C4: Sheets | D4: Encrypt | E4: InputColorRGB | F4: ForceFullLock_NoException | G4: UserInterfaceOnly | H4: AllowFormatting | I4: AllowInserting | J4: AllowDeleting | K4: AllowSorting | L4: AllowFiltering | M4: LockShapes | N4: LockOLEObjects | R4: 파라미터명 | S4: 타입 | T4: 기본값 | U4: 필수여부 | V4: 기능 설명 | W4: 사용 예시
B5: 1 | C5: wsList | E5: 65535 | F5: =FALSE() -> FALSE | G5: =FALSE() -> FALSE | H5: =TRUE() -> TRUE | I5: =FALSE() -> FALSE | J5: =FALSE() -> FALSE | K5: =FALSE() -> FALSE | L5: =FALSE() -> FALSE | M5: =TRUE() -> TRUE | N5: =TRUE() -> TRUE | R5: ws | S5: Worksheet | T5: (필수) | V5: 잠금 처리 대상 워크시트 객체 | W5: wsProtect_template(Worksheets("TARA_Report"))
B6: 2 | C6: Encrypt | E6: 65535 | F6: =FALSE() -> FALSE | G6: =FALSE() -> FALSE | H6: =TRUE() -> TRUE | I6: =FALSE() -> FALSE | J6: =FALSE() -> FALSE | K6: =FALSE() -> FALSE | L6: =FALSE() -> FALSE | M6: =TRUE() -> TRUE | N6: =TRUE() -> TRUE | R6: Password | S6: String | T6: (필수) | U6: Const | V6: 시트 보호(Unprotect 포함) 시 사용할 암호 | W6: Password:="MyPwd2026"
R7: InputColorRGB | S7: Variant | T7: Empty | U7: 선택 | V7: 입력셀로 인식할 채우기색의 RGB Long값. Empty면 색상 스캔 생략(기존 Locked 상태 유지). 노란색(255,255,0)은 65535 | W7: InputColorRGB:=65535
R8: ForceFullLock_NoException | S8: Boolean | T8: False | U8: 선택 | V8: True 시 색상과 무관하게 시트 전체를 예외 없이 잠금/False 시, InputColorRGB 조건에 따름 Ref.* 시트처럼 편집모드가 아니면 전부 잠가야 하는 경우 사용 | W8: ForceFullLock_NoException:=True
R9: UserInterfaceOnly | S9: Boolean | T9: False | U9: 선택 | V9: True 시 사용자는 편집 불가하지만 VBA 코드는 보호된 상태에서도 셀 값을 갱신 가능. TARA 종료 후 결과를 자동 기록해야 하는 시트에 사용 | W9: UserInterfaceOnly:=True
R10: AllowFormatting | S10: Boolean | T10: False | U10: 선택 | V10: 셀/열/행 서식 변경 허용 여부 (3개 옵션 통합). True 시 색상,글꼴,테두리 등 서식 변경 가능 | W10: AllowFormatting:=True
R11: AllowInserting | S11: Boolean | T11: False | U11: 선택 | V11: 행/열 삽입 허용 여부 (2개 옵션 통합) | W11: AllowInserting:=False
R12: AllowDeleting | S12: Boolean | T12: False | U12: 선택 | V12: 행/열 삭제 허용 여부 (2개 옵션 통합) | W12: AllowDeleting:=False
R13: AllowSorting | S13: Boolean | T13: False | U13: 선택 | V13: 정렬 기능 허용 여부 | W13: AllowSorting:=True
R14: AllowFiltering | S14: Boolean | T14: False | U14: 선택 | V14: 자동필터 사용 허용 여부 | W14: AllowFiltering:=True
R15: LockShapes | S15: Boolean | T15: True | U15: 선택 | V15: 일반 도형(텍스트박스, 이미지, AutoShape) 잠금 여부. 폼컨트롤(매크로 버튼)은 이 값과 무관하게 항상 예외 처리(고정)되어 클릭 가능 | W15: LockShapes:=False
R16: LockOLEObjects | S16: Boolean | T16: True | U16: 선택 | V16: 임베디드 OLE 개체(삽입된 파일 등) 잠금 여부 | W16: LockOLEObjects:=True

Sheet 안내
B4: 항목 | C4: 설명
B5: 작성 근거 | C5: 첨부 자가평가 워크북의 ProcessBP_Product 시트(27개 ASPICE 프로세스, 165개 BP/산출물)와 프로젝트 프로파일 시트의 기본 마일스톤 매핑(M-Car/Proto/P1/P2/SoP, '표준수행' 기준)을 그대로 사용.
B7: CA 정의 방식 | C7: 설계문서 3장 원칙에 따라 ASPICE 프로세스 1개 = CA(Control Account) 1개로 정의하되, SWE.3(상세설계/단위구현)·SWE.4(단위검증)는 ASW/BSW 계층별 담당(자체/외주)이 갈리므로 각각 2개 CA로 분리하여 총 29개 CA로 구성.
B9: WP 정의 방식 | C9: 설계문서 4장 원칙에 따라 각 BP/산출물 1개 = Discrete WP 1개로 정의. SWE.3·SWE.4는 ASW/BSW 두 벌로 복제되어 총 175개 WP.
B11: Discrete/LOE 구분 | C11: 설계문서 6장 원칙(PM/QA/CM은 혼합, 기술프로세스는 Discrete)에 따라 CA 유형을 우선 지정하고, '혼합' CA는 산출물명 키워드로 1차 제안함(수기 검토 필요 — WP_상세 시트 F열 참고).
B13: 입력 셀 색상 구분(중요) | C13: 파랑=계획단계 1회성 입력(PM/기획이 프로젝트 착수 시 확정: CAM 지정, 시나리오 선택, BAC 관련 가정, 최초작성비중 등) / 초록=진행중 담당자·CAM이 정기 입력(WP_상세 진도율·상태·근거자료, 실적MM_입력의 월별 실적MM, SWE34 채점) / 주황=진행중 PM·관리조직이 입력·검토(EVMS_대시보드 현재시점, 표본재검토 기록, 재기준선 로그, 배포게이트 상태). 노란색 셀은 남아있지 않음 — 모든 입력 셀이 이 3색 중 하나로 분류됨.
B15: 아직 반영되지 않은 것 | C15: ① 실제 MM/원가 배분(BAC 금액) — 설계문서 5장 원칙대로 산출물 진도와 별도로 타임시트 등에서 수집 필요. ② LOE_계정 시트의 공통경비/출장비는 ASPICE 산출물 구조 밖에 있으므로 별도 관리.
B17: 자가평가 워크북과의 연계 | C17: WP_상세 시트의 'BP#'는 원본 워크북의 M-Car~SoP 마일스톤 시트의 BP 번호와 동일하다. 마일스톤 자가평가에서 산출된 100점 환산 점수를 그대로 해당 WP의 진도율(%)로 사용하면 설계문서 4장의 BCWP 산정 방법과 일치한다.
B19: 프로젝트 프로파일 커스터마이징 필요 | C19: 원본 워크북의 '프로젝트 프로파일' 시트는 아직 비어 있어(신규/파생개발 유형 미지정) 기본값(표준수행)을 사용했다. 실제 파일럿 프로젝트가 파생개발이거나 일부 프로세스를 재사용/제외한다면, 그 시트를 먼저 채운 뒤 이 초안의 마일스톤 배정을 조정해야 한다.
B21: 경영보고_요약 시트(신규) | C21: SPI/CPI 용어 없이 정상/주의/위험 신호등만으로 프로젝트 상태를 보여주는 임원/보고용 시트. 전체 신호등이 '정상'이어도 하위 3개 CA는 항상 함께 표시해, 기존 신호등 방식이 놓쳤던 부분 CA 리스크를 보여준다. 근거가 필요하면 EVMS_대시보드로 내려가서 확인 가능.
B23: 프로젝트예산_현금성 시트(신규) | C23: CA_개요/실적MM_입력/EVMS_대시보드는 전부 MM(인월) 단위라 외주용역비·시작품 제작비 같은 현금성 프로젝트 예산이 보이지 않았다. 이 시트가 그 공백을 메운다 — BSW 외주개발/검증 용역비, 시작용 제어기 제작비(A/B샘플)를 계획금액(원) 기준으로 별도 추적하며, 진도율은 CA_개요의 CA평가점수를 그대로 재사용해 이중입력을 피한다. 노무단가 환산은 아직 하지 않으므로 MM 기반 EVMS와는 독립된 축으로 운영된다.
B27: 약어 | C27: 원어 | D27: 의미
B28: EVMS | C28: Earned Value Management System | D28: 획득가치 관리체계. 일정과 원가(성과)를 하나의 지표 체계로 통합 관리하는 기법
B29: WBS | C29: Work Breakdown Structure | D29: 작업분류체계. 프로젝트 범위를 계층적으로 분해한 구조
B30: CA | C30: Control Account | D30: 통제계정. WBS와 조직(책임자)이 교차하는 지점으로 EVMS 성과측정의 기본 단위
B31: WP | C31: Work Package | D31: 작업패키지. CA 하위의 더 세분화된 실행단위(성과측정의 최소 단위)
B32: CAM | C32: Control Account Manager | D32: 통제계정 관리자. 특정 CA의 일정/원가/성과에 대한 책임자
B33: LOE | C33: Level of Effort | D33: 노력수준 활동. 명확한 산출물 없이 시간에 비례해 진행되는 활동
B34: PV / BCWS | C34: Planned Value / Budgeted Cost of Work Scheduled | D34: 계획가치. 특정 시점까지 계획된 작업량의 예산가치
B35: EV / BCWP | C35: Earned Value / Budgeted Cost of Work Performed | D35: 획득가치. 실제 완료된 작업량을 예산가치로 환산한 값(성과)
B36: AC / ACWP | C36: Actual Cost / Actual Cost of Work Performed | D36: 실적원가. 실제 투입된 원가
B37: SV | C37: Schedule Variance | D37: 일정차이 = BCWP − BCWS
B38: CV | C38: Cost Variance | D38: 원가차이 = BCWP − ACWP
... B48: ANSI/EIA-748 | C48: — | D48: 미국 EVMS 표준(32개 가이드라인, 정통 EVMS의 근거 표준)

Sheet 경영보고_요약
B4: 지표 | C4: 값
B5: 기준 시점 | C5: ="경과 "&EVMS_대시보드!N4&"개월차 기준" -> 경과 5개월차 기준
B6: 전체 진행률 | C6: =IFERROR(EVMS_대시보드!F35/EVMS_대시보드!D35,0) -> 0.78543286
B7: 예산 소진율 | C7: =IFERROR(EVMS_대시보드!G35/EVMS_대시보드!D35,0) -> 0.39964474
B8: 전체 신호등 | C8: =IF(AND(EVMS_대시보드!J35=0,EVMS_대시보드!K35=0),"미시작",IF(OR(EVMS_대시보드!J35<0.8,EVMS_대시보드!K35<0.8),"위험",IF(OR(EVMS_대시보드!J35<0.9,EVMS_대시보드!K35<0.9),"주의","정상"))) -> 정상
B9: 현금성 예산 집행률 | C9: =IFERROR(프로젝트예산_현금성!H11/프로젝트예산_현금성!D11,0) -> 0.68210526
B10: 현금성 예산 신호등 | C10: =IF(AND(프로젝트예산_현금성!D11=0,프로젝트예산_현금성!H11=0),"미시작",IF(OR(IFERROR(프로젝트예산_현금성!G11/프로젝트예산_현금성!K11,0)<0.8,IFERROR(프로젝트예산_현금성!G11/프로젝트예산_현금성!H11,0)<0.8),"위험",IF(OR(IFERROR(프로젝트예산_현금성!G11/프로젝트예산_현금성!K11,0)<0.9,IFERROR(프로젝트예산_현금성!G11/프로젝트예산_현금성!H11,0)<0.9),"주의","정상"))) -> 위험
B11: 통합 진행률 (MM원화+현금성 합산) | C11: =IFERROR((EVMS_대시보드!R35+프로젝트예산_현금성!G11)/(EVMS_대시보드!P35+프로젝트예산_현금성!D11),0) -> 0.80982737
B12: 통합 신호등 (MM원화+현금성 합산) | C12: =IF(AND((EVMS_대시보드!Q35+프로젝트예산_현금성!K11)=0,(EVMS_대시보드!S35+프로젝트예산_현금성!H11)=0),"미시작",IF(IFERROR((EVMS_대시보드!R35+프로젝트예산_현금성!G11)/(EVMS_대시보드!S35+프로젝트예산_현금성!H11),0)<0.8,"위험",IF(IFERROR((EVMS_대시보드!R35+프로젝트예산_현금성!G11)/(EVMS_대시보드!S35+프로젝트예산_현금성!H11),0)<0.9,"주의","정상"))) -> 정상
B14: 가장 주의가 필요한 영역 (하위 3개 CA)
B15: 순위 | C15: 참고코드 | D15: CA명 | E15: 담당자 | F15: 신호등 | G15: 핵심메모
B16: 1 | C16: =INDEX(EVMS_대시보드!$B$5:$B$33,MATCH(SMALL(EVMS_대시보드!$O$5:$O$33,1),EVMS_대시보드!$O$5:$O$33,0)) -> VAL.1 | D16: =INDEX(EVMS_대시보드!$C$5:$C$33,MATCH($C16,EVMS_대시보드!$B$5:$B$33,0)) -> 제품확인(Validation) | E16: =IFERROR(INDEX(CA_개요!$G$5:$G$33,MATCH($C16,CA_개요!$B$5:$B$33,0)),"") -> 0 | F16: =IF(AND(INDEX(EVMS_대시보드!$J$5:$J$33,MATCH($C16,EVMS_대시보드!$B$5:$B$33,0))=0,INDEX(EVMS_대시보드!$K$5:$K$33,MATCH($C16,EVMS_대시보드!$B$5:$B$33,0))=0),"미시작",IF(OR(INDEX(EVMS_대시보드!$J$5:$J$33,MATCH($C16,EVMS_대시보드!$B$5:$B$33,0))<0.8,INDEX(EVMS_대시보드!$K$5:$K$33,MATCH($C16,EVMS_대시보드!$B$5:$B$33,0))<0.8),"위험",IF(OR(INDEX(EVMS_대시보드!$J$5:$J$33,MATCH($C16,EVMS_대시보드!$B$5:$B$33,0))<0.9,INDEX(EVMS_대시보드!$K$5:$K$33,MATCH($C16,EVMS_대시보드!$B$5:$B$33,0))<0.9),"주의","정상"))) -> 미시작 | G16: =IFERROR(INDEX(CA_개요!$K$5:$K$33,MATCH($C16,CA_개요!$B$5:$B$33,0)),"") -> 0
B17: 2 | C17: =INDEX(EVMS_대시보드!$B$5:$B$33,MATCH(SMALL(EVMS_대시보드!$O$5:$O$33,2),EVMS_대시보드!$O$5:$O$33,0)) -> SYS.5 | D17: =INDEX(EVMS_대시보드!$C$5:$C$33,MATCH($C17,EVMS_대시보드!$B$5:$B$33,0)) -> 시스템 검증 | E17: =IFERROR(INDEX(CA_개요!$G$5:$G$33,MATCH($C17,CA_개요!$B$5:$B$33,0)),"") -> 0 | F17: =IF(AND(INDEX(EVMS_대시보드!$J$5:$J$33,MATCH($C17,EVMS_대시보드!$B$5:$B$33,0))=0,INDEX(EVMS_대시보드!$K$5:$K$33,MATCH($C17,EVMS_대시보드!$B$5:$B$33,0))=0),"미시작",IF(OR(INDEX(EVMS_대시보드!$J$5:$J$33,MATCH($C17,EVMS_대시보드!$B$5:$B$33,0))<0.8,INDEX(EVMS_대시보드!$K$5:$K$33,MATCH($C17,EVMS_대시보드!$B$5:$B$33,0))<0.8),"위험",IF(OR(INDEX(EVMS_대시보드!$J$5:$J$33,MATCH($C17,EVMS_대시보드!$B$5:$B$33,0))<0.9,INDEX(EVMS_대시보드!$K$5:$K$33,MATCH($C17,EVMS_대시보드!$B$5:$B$33,0))<0.9),"주의","정상"))) -> 위험 | G17: =IFERROR(INDEX(CA_개요!$K$5:$K$33,MATCH($C17,CA_개요!$B$5:$B$33,0)),"") -> 0
B18: 3 | C18: =INDEX(EVMS_대시보드!$B$5:$B$33,MATCH(SMALL(EVMS_대시보드!$O$5:$O$33,3),EVMS_대시보드!$O$5:$O$33,0)) -> SWE.6 | D18: =INDEX(EVMS_대시보드!$C$5:$C$33,MATCH($C18,EVMS_대시보드!$B$5:$B$33,0)) -> SW 검증 | E18: =IFERROR(INDEX(CA_개요!$G$5:$G$33,MATCH($C18,CA_개요!$B$5:$B$33,0)),"") -> 0 | F18: =IF(AND(INDEX(EVMS_대시보드!$J$5:$J$33,MATCH($C18,EVMS_대시보드!$B$5:$B$33,0))=0,INDEX(EVMS_대시보드!$K$5:$K$33,MATCH($C18,EVMS_대시보드!$B$5:$B$33,0))=0),"미시작",IF(OR(INDEX(EVMS_대시보드!$J$5:$J$33,MATCH($C18,EVMS_대시보드!$B$5:$B$33,0))<0.8,INDEX(EVMS_대시보드!$K$5:$K$33,MATCH($C18,EVMS_대시보드!$B$5:$B$33,0))<0.8),"위험",IF(OR(INDEX(EVMS_대시보드!$J$5:$J$33,MATCH($C18,EVMS_대시보드!$B$5:$B$33,0))<0.9,INDEX(EVMS_대시보드!$K$5:$K$33,MATCH($C18,EVMS_대시보드!$B$5:$B$33,0))<0.9),"주의","정상"))) -> 위험 | G18: =IFERROR(INDEX(CA_개요!$K$5:$K$33,MATCH($C18,CA_개요!$B$5:$B$33,0)),"") -> 0
B20: 전체 CA 신호등 목록
B21: CA명 | C21: 카테고리 | D21: 신호등
B22: =CA_개요!C5 -> 협약/공급자 모니터링 | C22: =CA_개요!E5 -> 조달 | D22: =IF(AND(EVMS_대시보드!J5=0,EVMS_대시보드!K5=0),"미시작",IF(OR(EVMS_대시보드!J5<0.8,EVMS_대시보드!K5<0.8),"위험",IF(OR(EVMS_대시보드!J5<0.9,EVMS_대시보드!K5<0.9),"주의","정상"))) -> 정상
B23: =CA_개요!C6 -> 제품 릴리스 관리 | C23: =CA_개요!E6 -> 릴리스 | D23: =IF(AND(EVMS_대시보드!J6=0,EVMS_대시보드!K6=0),"미시작",IF(OR(EVMS_대시보드!J6<0.8,EVMS_대시보드!K6<0.8),"위험",IF(OR(EVMS_대시보드!J6<0.9,EVMS_대시보드!K6<0.9),"주의","정상"))) -> 정상
B24: =CA_개요!C7 -> 프로젝트 관리 | C24: =CA_개요!E7 -> 관리/LOE | D24: =IF(AND(EVMS_대시보드!J7=0,EVMS_대시보드!K7=0),"미시작",IF(OR(EVMS_대시보드!J7<0.8,EVMS_대시보드!K7<0.8),"위험",IF(OR(EVMS_대시보드!J7<0.9,EVMS_대시보드!K7<0.9),"주의","정상"))) -> 정상
B25: =CA_개요!C8 -> 품질보증(QA) | C25: =CA_개요!E8 -> 관리/LOE | D25: =IF(AND(EVMS_대시보드!J8=0,EVMS_대시보드!K8=0),"미시작",IF(OR(EVMS_대시보드!J8<0.8,EVMS_대시보드!K8<0.8),"위험",IF(OR(EVMS_대시보드!J8<0.9,EVMS_대시보드!K8<0.9),"주의","정상"))) -> 정상
B26: =CA_개요!C9 -> 형상관리(CM) | C26: =CA_개요!E9 -> 관리/LOE | D26: =IF(AND(EVMS_대시보드!J9=0,EVMS_대시보드!K9=0),"미시작",IF(OR(EVMS_대시보드!J9<0.8,EVMS_대시보드!K9<0.8),"위험",IF(OR(EVMS_대시보드!J9<0.9,EVMS_대시보드!K9<0.9),"주의","정상"))) -> 정상
B27: =CA_개요!C10 -> 문제해결관리 | C27: =CA_개요!E10 -> 관리/LOE | D27: =IF(AND(EVMS_대시보드!J10=0,EVMS_대시보드!K10=0),"미시작",IF(OR(EVMS_대시보드!J10<0.8,EVMS_대시보드!K10<0.8),"위험",IF(OR(EVMS_대시보드!J10<0.9,EVMS_대시보드!K10<0.9),"주의","정상"))) -> 정상
B28: =CA_개요!C11 -> 변경요청관리 | C28: =CA_개요!E11 -> 관리/LOE | D28: =IF(AND(EVMS_대시보드!J11=0,EVMS_대시보드!K11=0),"미시작",IF(OR(EVMS_대시보드!J11<0.8,EVMS_대시보드!K11<0.8),"위험",IF(OR(EVMS_대시보드!J11<0.9,EVMS_대시보드!K11<0.9),"주의","정상"))) -> 정상
B29: =CA_개요!C12 -> ML 데이터관리(ASW에 포함) | C29: =CA_개요!E12 -> ASW | D29: =IF(AND(EVMS_대시보드!J12=0,EVMS_대시보드!K12=0),"미시작",IF(OR(EVMS_대시보드!J12<0.8,EVMS_대시보드!K12<0.8),"위험",IF(OR(EVMS_대시보드!J12<0.9,EVMS_대시보드!K12<0.9),"주의","정상"))) -> 정상
B30: =CA_개요!C13 -> 시스템 요구사항분석 | C30: =CA_개요!E13 -> 시스템 | D30: =IF(AND(EVMS_대시보드!J13=0,EVMS_대시보드!K13=0),"미시작",IF(OR(EVMS_대시보드!J13<0.8,EVMS_대시보드!K13<0.8),"위험",IF(OR(EVMS_대시보드!J13<0.9,EVMS_대시보드!K13<0.9),"주의","정상"))) -> 정상
B31: =CA_개요!C14 -> 시스템 아키텍처설계 | C31: =CA_개요!E14 -> 시스템 | D31: =IF(AND(EVMS_대시보드!J14=0,EVMS_대시보드!K14=0),"미시작",IF(OR(EVMS_대시보드!J14<0.8,EVMS_대시보드!K14<0.8),"위험",IF(OR(EVMS_대시보드!J14<0.9,EVMS_대시보드!K14<0.9),"주의","정상"))) -> 정상
B32: =CA_개요!C15 -> 시스템 통합/통합검증 | C32: =CA_개요!E15 -> 시스템 | D32: =IF(AND(EVMS_대시보드!J15=0,EVMS_대시보드!K15=0),"미시작",IF(OR(EVMS_대시보드!J15<0.8,EVMS_대시보드!K15<0.8),"위험",IF(OR(EVMS_대시보드!J15<0.9,EVMS_대시보드!K15<0.9),"주의","정상"))) -> 정상
B33: =CA_개요!C16 -> 시스템 검증 | C33: =CA_개요!E16 -> 시스템 | D33: =IF(AND(EVMS_대시보드!J16=0,EVMS_대시보드!K16=0),"미시작",IF(OR(EVMS_대시보드!J16<0.8,EVMS_대시보드!K16<0.8),"위험",IF(OR(EVMS_대시보드!J16<0.9,EVMS_대시보드!K16<0.9),"주의","정상"))) -> 위험
... B50: =CA_개요!C33 -> HW 요구사항검증 | C50: =CA_개요!E33 -> HW | D50: =IF(AND(EVMS_대시보드!J33=0,EVMS_대시보드!K33=0),"미시작",IF(OR(EVMS_대시보드!J33<0.8,EVMS_대시보드!K33<0.8),"위험",IF(OR(EVMS_대시보드!J33<0.9,EVMS_대시보드!K33<0.9),"주의","정상"))) -> 위험
B52: 기존 신호등 방식과 달라진 점
B53: • | C53: 전체가 '정상'으로 보여도 위 Top3 표에서 실제로 어떤 영역이 취약한지 항상 함께 보여준다(설계문서 15장: 전체 지표만으로는 CA 단위 문제를 가릴 수 있음이 6개 파일럿 시나리오에서 실증됨).
B54: • | C54: 신호등 색은 담당자의 주관적 판단이 아니라 WP_상세의 진도율과 실적MM_입력의 실적 공수를 결합한 계산값(EVMS_대시보드)에서 자동 산출된다.
B55: • | C55: 보고받는 사람은 이 시트만 보면 되고, 근거가 필요하면 EVMS_대시보드·WP_상세로 내려가서 확인할 수 있다.

Sheet CA_개요
A4: CA No | B4: Process(ASPICE) | C4: CA명(국문) | D4: 관리유형 | E4: 카테고리 | F4: 기본 마일스톤 배정 | G4: CAM(담당자) | H4: BAC 배분비중(%) | I4: 소속 WP 개수 | J4: CA 평가점수(100점,자동) | K4: 비고
A5: 1 | B5: ACQ.4 | C5: 협약/공급자 모니터링 | D5: 혼합 | E5: 조달 | F5: M-Car~P1 | H5: =INDEX(가정!$C$7:$L$9,MATCH(가정!$C$4,가정!$B$7:$B$9,0),MATCH(E5,가정!$C$6:$L$6,0))*(I5/SUMIF($E$5:$E$33,E5,$I$5:$I$33)) -> 0.08 | I5: =COUNTIF(WP_상세!$B$5:$B$500,B5) -> 5 | J5: =IFERROR(ROUND(AVERAGEIF(WP_상세!$B$5:$B$500,B5,WP_상세!$L$5:$L$500)*100,1),0) -> 85 | K5: 외주용역(개발/검증시험) 계약이 있는 경우 사용. 외주 비중이 클수록 조달 CA 비중도 커짐(가정 시트 시나리오 참조)
A6: 2 | B6: SPL.2 | C6: 제품 릴리스 관리 | D6: Discrete | E6: 릴리스 | F6: 릴리즈이력 별도관리 | H6: =INDEX(가정!$C$7:$L$9,MATCH(가정!$C$4,가정!$B$7:$B$9,0),MATCH(E6,가정!$C$6:$L$6,0))*(I6/SUMIF($E$5:$E$33,E6,$I$5:$I$33)) -> 0.04 | I6: =COUNTIF(WP_상세!$B$5:$B$500,B6) -> 8 | J6: =IFERROR(ROUND(AVERAGEIF(WP_상세!$B$5:$B$500,B6,WP_상세!$L$5:$L$500)*100,1),0) -> 75 | K6: 설계문서 8장의 '고객 합의 SW 배포' 마일스톤과 직결되는 CA. 원본 워크북 릴리즈이력 시트로 별도 상세관리
A7: 3 | B7: MAN.3 | C7: 프로젝트 관리 | D7: 혼합(LOE 위주) | E7: 관리/LOE | F7: M-Car~P1 | H7: =INDEX(가정!$C$7:$L$9,MATCH(가정!$C$4,가정!$B$7:$B$9,0),MATCH(E7,가정!$C$6:$L$6,0))*(I7/SUMIF($E$5:$E$33,E7,$I$5:$I$33)) -> 0.047368421 | I7: =COUNTIF(WP_상세!$B$5:$B$500,B7) -> 10 | J7: =IFERROR(ROUND(AVERAGEIF(WP_상세!$B$5:$B$500,B7,WP_상세!$L$5:$L$500)*100,1),0) -> 85 | K7: BP10(진척현황보고서)만 LOE 제안, 나머지는 1회성 계획서로 Discrete 제안
A8: 4 | B8: SUP.1 | C8: 품질보증(QA) | D8: 혼합 | E8: 관리/LOE | F8: M-Car~P1 | H8: =INDEX(가정!$C$7:$L$9,MATCH(가정!$C$4,가정!$B$7:$B$9,0),MATCH(E8,가정!$C$6:$L$6,0))*(I8/SUMIF($E$5:$E$33,E8,$I$5:$I$33)) -> 0.033157895 | I8: =COUNTIF(WP_상세!$B$5:$B$500,B8) -> 7 | J8: =IFERROR(ROUND(AVERAGEIF(WP_상세!$B$5:$B$500,B8,WP_상세!$L$5:$L$500)*100,1),0) -> 67.9 | K8: 정기 QA활동은 LOE, 감사보고서 발행 등 이벤트는 Discrete로 WP_상세에서 구분
A9: 5 | B9: SUP.8 | C9: 형상관리(CM) | D9: 혼합 | E9: 관리/LOE | F9: M-Car~P1 | H9: =INDEX(가정!$C$7:$L$9,MATCH(가정!$C$4,가정!$B$7:$B$9,0),MATCH(E9,가정!$C$6:$L$6,0))*(I9/SUMIF($E$5:$E$33,E9,$I$5:$I$33)) -> 0.037894737 | I9: =COUNTIF(WP_상세!$B$5:$B$500,B9) -> 8 | J9: =IFERROR(ROUND(AVERAGEIF(WP_상세!$B$5:$B$500,B9,WP_상세!$L$5:$L$500)*100,1),0) -> 71.9 | K9: 일상 형상통제는 LOE, 베이스라인 수립 등 이벤트는 Discrete로 WP_상세에서 구분
A10: 6 | B10: SUP.9 | C10: 문제해결관리 | D10: LOE 위주 | E10: 관리/LOE | F10: Proto~P1(반복:M-Car,Proto,P1) | H10: =INDEX(가정!$C$7:$L$9,MATCH(가정!$C$4,가정!$B$7:$B$9,0),MATCH(E10,가정!$C$6:$L$6,0))*(I10/SUMIF($E$5:$E$33,E10,$I$5:$I$33)) -> 0.033157895 | I10: =COUNTIF(WP_상세!$B$5:$B$500,B10) -> 7 | J10: =IFERROR(ROUND(AVERAGEIF(WP_상세!$B$5:$B$500,B10,WP_상세!$L$5:$L$500)*100,1),0) -> 67.9 | K10: 이슈 특성상 대부분 LOE 제안. 반복평가(M-Car/Proto/P1) 마일스톤 스냅샷은 원본 워크북 참조
A11: 7 | B11: SUP.10 | C11: 변경요청관리 | D11: 혼합 | E11: 관리/LOE | F11: Proto~P1 | H11: =INDEX(가정!$C$7:$L$9,MATCH(가정!$C$4,가정!$B$7:$B$9,0),MATCH(E11,가정!$C$6:$L$6,0))*(I11/SUMIF($E$5:$E$33,E11,$I$5:$I$33)) -> 0.028421053 | I11: =COUNTIF(WP_상세!$B$5:$B$500,B11) -> 6 | J11: =IFERROR(ROUND(AVERAGEIF(WP_상세!$B$5:$B$500,B11,WP_상세!$L$5:$L$500)*100,1),0) -> 62.5 | K11: 일상 변경요청 처리는 LOE, 추적성매트릭스 등은 Discrete로 WP_상세에서 구분
A12: 8 | B12: SUP.11 | C12: ML 데이터관리(ASW에 포함) | D12: Discrete | E12: ASW | F12: M-Car~P1 | H12: =INDEX(가정!$C$7:$L$9,MATCH(가정!$C$4,가정!$B$7:$B$9,0),MATCH(E12,가정!$C$6:$L$6,0))*(I12/SUMIF($E$5:$E$33,E12,$I$5:$I$33)) -> 0.032195122 | I12: =COUNTIF(WP_상세!$B$5:$B$500,B12) -> 6 | J12: =IFERROR(ROUND(AVERAGEIF(WP_상세!$B$5:$B$500,B12,WP_상세!$L$5:$L$500)*100,1),0) -> 75 | K12: ML을 별도 관리하지 않고 ASW의 일부로 취급(가정)하되, 원본 워크북 BP 구조를 유지하기 위해 CA는 별도로 남김
A13: 9 | B13: SYS.2 | C13: 시스템 요구사항분석 | D13: Discrete | E13: 시스템 | F13: M-Car | H13: =INDEX(가정!$C$7:$L$9,MATCH(가정!$C$4,가정!$B$7:$B$9,0),MATCH(E13,가정!$C$6:$L$6,0))*(I13/SUMIF($E$5:$E$33,E13,$I$5:$I$33)) -> 0.022857143 | I13: =COUNTIF(WP_상세!$B$5:$B$500,B13) -> 6 | J13: =IFERROR(ROUND(AVERAGEIF(WP_상세!$B$5:$B$500,B13,WP_상세!$L$5:$L$500)*100,1),0) -> 100
A14: 10 | B14: SYS.3 | C14: 시스템 아키텍처설계 | D14: Discrete | E14: 시스템 | F14: M-Car | H14: =INDEX(가정!$C$7:$L$9,MATCH(가정!$C$4,가정!$B$7:$B$9,0),MATCH(E14,가정!$C$6:$L$6,0))*(I14/SUMIF($E$5:$E$33,E14,$I$5:$I$33)) -> 0.019047619 | I14: =COUNTIF(WP_상세!$B$5:$B$500,B14) -> 5 | J14: =IFERROR(ROUND(AVERAGEIF(WP_상세!$B$5:$B$500,B14,WP_상세!$L$5:$L$500)*100,1),0) -> 100
A15: 11 | B15: SYS.4 | C15: 시스템 통합/통합검증 | D15: Discrete | E15: 시스템 | F15: Proto~P1 | H15: =INDEX(가정!$C$7:$L$9,MATCH(가정!$C$4,가정!$B$7:$B$9,0),MATCH(E15,가정!$C$6:$L$6,0))*(I15/SUMIF($E$5:$E$33,E15,$I$5:$I$33)) -> 0.019047619 | I15: =COUNTIF(WP_상세!$B$5:$B$500,B15) -> 5 | J15: =IFERROR(ROUND(AVERAGEIF(WP_상세!$B$5:$B$500,B15,WP_상세!$L$5:$L$500)*100,1),0) -> 55
A16: 12 | B16: SYS.5 | C16: 시스템 검증 | D16: Discrete | E16: 시스템 | F16: P1~P2 | H16: =INDEX(가정!$C$7:$L$9,MATCH(가정!$C$4,가정!$B$7:$B$9,0),MATCH(E16,가정!$C$6:$L$6,0))*(I16/SUMIF($E$5:$E$33,E16,$I$5:$I$33)) -> 0.019047619 | I16: =COUNTIF(WP_상세!$B$5:$B$500,B16) -> 5 | J16: =IFERROR(ROUND(AVERAGEIF(WP_상세!$B$5:$B$500,B16,WP_상세!$L$5:$L$500)*100,1),0) -> 10
A17: 13 | B17: SWE.1 | C17: SW 요구사항분석 | D17: Discrete | E17: 공통(SW설계) | F17: M-Car | H17: =INDEX(가정!$C$7:$L$9,MATCH(가정!$C$4,가정!$B$7:$B$9,0),MATCH(E17,가정!$C$6:$L$6,0))*(I17/SUMIF($E$5:$E$33,E17,$I$5:$I$33)) -> 0.032727273 | I17: =COUNTIF(WP_상세!$B$5:$B$500,B17) -> 6 | J17: =IFERROR(ROUND(AVERAGEIF(WP_상세!$B$5:$B$500,B17,WP_상세!$L$5:$L$500)*100,1),0) -> 100
A18: 14 | B18: SWE.2 | C18: SW 아키텍처설계 | D18: Discrete | E18: 공통(SW설계) | F18: M-Car | H18: =INDEX(가정!$C$7:$L$9,MATCH(가정!$C$4,가정!$B$7:$B$9,0),MATCH(E18,가정!$C$6:$L$6,0))*(I18/SUMIF($E$5:$E$33,E18,$I$5:$I$33)) -> 0.027272727 | I18: =COUNTIF(WP_상세!$B$5:$B$500,B18) -> 5 | J18: =IFERROR(ROUND(AVERAGEIF(WP_상세!$B$5:$B$500,B18,WP_상세!$L$5:$L$500)*100,1),0) -> 100
A19: 15 | B19: SWE.3-ASW | C19: SW 상세설계/단위구현(ASW) | D19: Discrete | E19: ASW | F19: Proto | H19: =INDEX(가정!$C$7:$L$9,MATCH(가정!$C$4,가정!$B$7:$B$9,0),MATCH(E19,가정!$C$6:$L$6,0))*(I19/SUMIF($E$5:$E$33,E19,$I$5:$I$33)) -> 0.026829268 | I19: =COUNTIF(WP_상세!$B$5:$B$500,B19) -> 5 | J19: =IFERROR(ROUND(AVERAGEIF(WP_상세!$B$5:$B$500,B19,WP_상세!$L$5:$L$500)*100,1),0) -> 100 | K19: 원본 워크북은 계층 구분이 없어 SWE.3 BP를 그대로 복제. 자가평가 시 ASW분과 BSW분을 각자 채점 필요
A20: 16 | B20: SWE.3-BSW | C20: SW 상세설계/단위구현(BSW) | D20: Discrete | E20: BSW | F20: Proto | H20: =INDEX(가정!$C$7:$L$9,MATCH(가정!$C$4,가정!$B$7:$B$9,0),MATCH(E20,가정!$C$6:$L$6,0))*(I20/SUMIF($E$5:$E$33,E20,$I$5:$I$33)) -> 0.1 | I20: =COUNTIF(WP_상세!$B$5:$B$500,B20) -> 5 | J20: =IFERROR(ROUND(AVERAGEIF(WP_상세!$B$5:$B$500,B20,WP_상세!$L$5:$L$500)*100,1),0) -> 100 | K20: 외주 또는 AUTOSAR 구매 시 이 CA가 조달(ACQ.4)과 함께 커짐. 원본 워크북은 계층 구분이 없어 SWE.3 BP를 그대로 복제
A21: 17 | B21: SWE.4-ASW | C21: SW 단위검증(ASW) | D21: Discrete | E21: ASW | F21: Proto | H21: =INDEX(가정!$C$7:$L$9,MATCH(가정!$C$4,가정!$B$7:$B$9,0),MATCH(E21,가정!$C$6:$L$6,0))*(I21/SUMIF($E$5:$E$33,E21,$I$5:$I$33)) -> 0.026829268 | I21: =COUNTIF(WP_상세!$B$5:$B$500,B21) -> 5 | J21: =IFERROR(ROUND(AVERAGEIF(WP_상세!$B$5:$B$500,B21,WP_상세!$L$5:$L$500)*100,1),0) -> 100 | K21: 원본 워크북은 계층 구분이 없어 SWE.4 BP를 그대로 복제. 자가평가 시 ASW분과 BSW분을 각자 채점 필요
A22: 18 | B22: SWE.4-BSW | C22: SW 단위검증(BSW) | D22: Discrete | E22: BSW | F22: Proto | H22: =INDEX(가정!$C$7:$L$9,MATCH(가정!$C$4,가정!$B$7:$B$9,0),MATCH(E22,가정!$C$6:$L$6,0))*(I22/SUMIF($E$5:$E$33,E22,$I$5:$I$33)) -> 0.1 | I22: =COUNTIF(WP_상세!$B$5:$B$500,B22) -> 5 | J22: =IFERROR(ROUND(AVERAGEIF(WP_상세!$B$5:$B$500,B22,WP_상세!$L$5:$L$500)*100,1),0) -> 100 | K22: 외주 또는 AUTOSAR 구매 시 이 CA가 조달(ACQ.4)과 함께 커짐. 원본 워크북은 계층 구분이 없어 SWE.4 BP를 그대로 복제
A23: 19 | B23: SWE.5 | C23: SW 통합/통합검증 | D23: Discrete | E23: 통합 | F23: Proto~P1 | H23: =INDEX(가정!$C$7:$L$9,MATCH(가정!$C$4,가정!$B$7:$B$9,0),MATCH(E23,가정!$C$6:$L$6,0))*(I23/SUMIF($E$5:$E$33,E23,$I$5:$I$33)) -> 0.06 | I23: =COUNTIF(WP_상세!$B$5:$B$500,B23) -> 7 | J23: =IFERROR(ROUND(AVERAGEIF(WP_상세!$B$5:$B$500,B23,WP_상세!$L$5:$L$500)*100,1),0) -> 57.1
A24: 20 | B24: SWE.6 | C24: SW 검증 | D24: Discrete | E24: 검증 | F24: P1~P2 | H24: =INDEX(가정!$C$7:$L$9,MATCH(가정!$C$4,가정!$B$7:$B$9,0),MATCH(E24,가정!$C$6:$L$6,0))*(I24/SUMIF($E$5:$E$33,E24,$I$5:$I$33)) -> 0.01 | I24: =COUNTIF(WP_상세!$B$5:$B$500,B24) -> 5 | J24: =IFERROR(ROUND(AVERAGEIF(WP_상세!$B$5:$B$500,B24,WP_상세!$L$5:$L$500)*100,1),0) -> 10
A25: 21 | B25: VAL.1 | C25: 제품확인(Validation) | D25: Discrete | E25: 검증 | F25: P2 | H25: =INDEX(가정!$C$7:$L$9,MATCH(가정!$C$4,가정!$B$7:$B$9,0),MATCH(E25,가정!$C$6:$L$6,0))*(I25/SUMIF($E$5:$E$33,E25,$I$5:$I$33)) -> 0.01 | I25: =COUNTIF(WP_상세!$B$5:$B$500,B25) -> 5 | J25: =IFERROR(ROUND(AVERAGEIF(WP_상세!$B$5:$B$500,B25,WP_상세!$L$5:$L$500)*100,1),0) -> 0
A26: 22 | B26: MLE.1 | C26: ML 요구사항분석(ASW에 포함) | D26: Discrete | E26: ASW | F26: M-Car | H26: =INDEX(가정!$C$7:$L$9,MATCH(가정!$C$4,가정!$B$7:$B$9,0),MATCH(E26,가정!$C$6:$L$6,0))*(I26/SUMIF($E$5:$E$33,E26,$I$5:$I$33)) -> 0.032195122 | I26: =COUNTIF(WP_상세!$B$5:$B$500,B26) -> 6 | J26: =IFERROR(ROUND(AVERAGEIF(WP_상세!$B$5:$B$500,B26,WP_상세!$L$5:$L$500)*100,1),0) -> 100 | K26: ML을 별도 관리하지 않고 ASW의 일부로 취급(가정)
A27: 23 | B27: MLE.2 | C27: ML 아키텍처설계(ASW에 포함) | D27: Discrete | E27: ASW | F27: M-Car | H27: =INDEX(가정!$C$7:$L$9,MATCH(가정!$C$4,가정!$B$7:$B$9,0),MATCH(E27,가정!$C$6:$L$6,0))*(I27/SUMIF($E$5:$E$33,E27,$I$5:$I$33)) -> 0.037560976 | I27: =COUNTIF(WP_상세!$B$5:$B$500,B27) -> 7 | J27: =IFERROR(ROUND(AVERAGEIF(WP_상세!$B$5:$B$500,B27,WP_상세!$L$5:$L$500)*100,1),0) -> 100 | K27: ML을 별도 관리하지 않고 ASW의 일부로 취급(가정)
A28: 24 | B28: MLE.3 | C28: ML 훈련/검증(ASW에 포함) | D28: Discrete | E28: ASW | F28: Proto~P1 | H28: =INDEX(가정!$C$7:$L$9,MATCH(가정!$C$4,가정!$B$7:$B$9,0),MATCH(E28,가정!$C$6:$L$6,0))*(I28/SUMIF($E$5:$E$33,E28,$I$5:$I$33)) -> 0.026829268 | I28: =COUNTIF(WP_상세!$B$5:$B$500,B28) -> 5 | J28: =IFERROR(ROUND(AVERAGEIF(WP_상세!$B$5:$B$500,B28,WP_상세!$L$5:$L$500)*100,1),0) -> 55 | K28: ML을 별도 관리하지 않고 ASW의 일부로 취급(가정)
A29: 25 | B29: MLE.4 | C29: ML 테스트(ASW에 포함) | D29: Discrete | E29: ASW | F29: P1~P2 | H29: =INDEX(가정!$C$7:$L$9,MATCH(가정!$C$4,가정!$B$7:$B$9,0),MATCH(E29,가정!$C$6:$L$6,0))*(I29/SUMIF($E$5:$E$33,E29,$I$5:$I$33)) -> 0.037560976 | I29: =COUNTIF(WP_상세!$B$5:$B$500,B29) -> 7 | J29: =IFERROR(ROUND(AVERAGEIF(WP_상세!$B$5:$B$500,B29,WP_상세!$L$5:$L$500)*100,1),0) -> 10.7 | K29: ML을 별도 관리하지 않고 ASW의 일부로 취급(가정)
A30: 26 | B30: HWE.1 | C30: HW 요구사항분석 | D30: Discrete | E30: HW | F30: M-Car | H30: =INDEX(가정!$C$7:$L$9,MATCH(가정!$C$4,가정!$B$7:$B$9,0),MATCH(E30,가정!$C$6:$L$6,0))*(I30/SUMIF($E$5:$E$33,E30,$I$5:$I$33)) -> 0.015 | I30: =COUNTIF(WP_상세!$B$5:$B$500,B30) -> 6 | J30: =IFERROR(ROUND(AVERAGEIF(WP_상세!$B$5:$B$500,B30,WP_상세!$L$5:$L$500)*100,1),0) -> 100 | K30: A/B 샘플 개발 등 HW 병행개발 존재를 가정하여 실질 비중 배정
A31: 27 | B31: HWE.2 | C31: HW 아키텍처/상세설계 | D31: Discrete | E31: HW | F31: M-Car | H31: =INDEX(가정!$C$7:$L$9,MATCH(가정!$C$4,가정!$B$7:$B$9,0),MATCH(E31,가정!$C$6:$L$6,0))*(I31/SUMIF($E$5:$E$33,E31,$I$5:$I$33)) -> 0.015 | I31: =COUNTIF(WP_상세!$B$5:$B$500,B31) -> 6 | J31: =IFERROR(ROUND(AVERAGEIF(WP_상세!$B$5:$B$500,B31,WP_상세!$L$5:$L$500)*100,1),0) -> 100 | K31: A/B 샘플 개발 등 HW 병행개발 존재를 가정하여 실질 비중 배정
A32: 28 | B32: HWE.3 | C32: HW 설계검증 | D32: Discrete | E32: HW | F32: Proto~P1 | H32: =INDEX(가정!$C$7:$L$9,MATCH(가정!$C$4,가정!$B$7:$B$9,0),MATCH(E32,가정!$C$6:$L$6,0))*(I32/SUMIF($E$5:$E$33,E32,$I$5:$I$33)) -> 0.015 | I32: =COUNTIF(WP_상세!$B$5:$B$500,B32) -> 6 | J32: =IFERROR(ROUND(AVERAGEIF(WP_상세!$B$5:$B$500,B32,WP_상세!$L$5:$L$500)*100,1),0) -> 62.5 | K32: A/B 샘플 개발 등 HW 병행개발 존재를 가정하여 실질 비중 배정
A33: 29 | B33: HWE.4 | C33: HW 요구사항검증 | D33: Discrete | E33: HW | F33: P1~P2 | H33: =INDEX(가정!$C$7:$L$9,MATCH(가정!$C$4,가정!$B$7:$B$9,0),MATCH(E33,가정!$C$6:$L$6,0))*(I33/SUMIF($E$5:$E$33,E33,$I$5:$I$33)) -> 0.015 | I33: =COUNTIF(WP_상세!$B$5:$B$500,B33) -> 6 | J33: =IFERROR(ROUND(AVERAGEIF(WP_상세!$B$5:$B$500,B33,WP_상세!$L$5:$L$500)*100,1),0) -> 12.5 | K33: A/B 샘플 개발 등 HW 병행개발 존재를 가정하여 실질 비중 배정
G35: 합계(=100 확인) | H35: =SUM(H5:H33) -> 1

Sheet WP_상세
A4: No | B4: Process(CA) | C4: CA명 | D4: SW계층 | E4: BP# | F4: WP명(산출물) | G4: 목표 마일스톤 | H4: 관리방식(확정) | I4: 유지보수반영 | J4: 최초작성비중(%) | K4: 채점기준 연계 | L4: 진도율(%) | M4: 상태 | N4: 수기검토 비고 | O4: 근거자료
A5: 1 | B5: ACQ.4 | C5: 협약/공급자 모니터링 | E5: 1 | F5: Commitment/Agreement / 공급자 관리 합의서/협약서 | G5: M-Car | H5: Discrete | I5: N | J5: 1 | K5: 자가평가워크북 [M-Car] 시트 BP#1 동일 | L5: 1 | M5: 완료
A6: 2 | B6: ACQ.4 | C6: 협약/공급자 모니터링 | E6: 2 | F6: Communication Evidence / 공급자 교신/커뮤니케이션 증적 | G6: Proto | H6: Discrete | I6: N | J6: 1 | K6: 자가평가워크북 [Proto] 시트 BP#2 동일 | L6: 1 | M6: 완료
A7: 3 | B7: ACQ.4 | C7: 협약/공급자 모니터링 | E7: 3 | F7: Review Evidence / 개발 작업산출물 공동검토 기록 | G7: Proto | H7: LOE | K7: 자가평가워크북 [Proto] 시트 BP#3 동일 | L7: 1 | M7: 완료 | N7: 자동제안 Discrete → 수기검토 LOE
A8: 4 | B8: ACQ.4 | C8: 협약/공급자 모니터링 | E8: 4 | F8: Progress Status / 공급자 진척현황 보고서 | G8: Proto | H8: LOE | K8: 자가평가워크북 [Proto] 시트 BP#4 동일 | L8: 1 | M8: 완료
A9: 5 | B9: ACQ.4 | C9: 협약/공급자 모니터링 | E9: 5 | F9: Corrective Action / 시정조치 기록서 | G9: P1 | H9: LOE | K9: 자가평가워크북 [P1] 시트 BP#5 동일 | L9: 0.25 | M9: 진행중 | N9: 자동제안 Discrete → 수기검토 LOE
A10: 6 | B10: SPL.2 | C10: 제품 릴리스 관리 | E10: 1 | F10: Product Release Criteria / 릴리스 기능내용/기준 정의서 | G10: 릴리즈이력 참조 | H10: Discrete | K10: 자가평가워크북 [릴리즈이력 참조] 시트 BP#1 동일 | L10: 1 | M10: 완료
A11: 7 | B11: SPL.2 | C11: 제품 릴리스 관리 | E11: 2 | F11: Product Release Criteria / 릴리스 패키지 정의서 | G11: 릴리즈이력 참조 | H11: Discrete | K11: 자가평가워크북 [릴리즈이력 참조] 시트 BP#2 동일 | L11: 1 | M11: 완료
A12: 8 | B12: SPL.2 | C12: 제품 릴리스 관리 | E12: 3 | F12: Release Note / 릴리스 고유식별/번호체계 문서(릴리스 노트 내 포함) | G12: 릴리즈이력 참조 | H12: Discrete | K12: 자가평가워크북 [릴리즈이력 참조] 시트 BP#3 동일 | L12: 1 | M12: 완료
A13: 9 | B13: SPL.2 | C13: 제품 릴리스 관리 | E13: 4 | F13: Product Release Package / 릴리스 패키지(형상통제 항목 기반 빌드) | G13: 릴리즈이력 참조 | H13: Discrete | K13: 자가평가워크북 [릴리즈이력 참조] 시트 BP#4 동일 | L13: 0.6 | M13: 검토중
A14: 10 | B14: SPL.2 | C14: 제품 릴리스 관리 | E14: 5 | F14: Product Release Approval / 릴리스 승인서 | G14: 릴리즈이력 참조 | H14: Discrete | K14: 자가평가워크북 [릴리즈이력 참조] 시트 BP#5 동일 | L14: 0.6 | M14: 검토중
A15: 11 | B15: SPL.2 | C15: 제품 릴리스 관리 | E15: 6 | F15: Release Note / 릴리스 노트 | G15: 릴리즈이력 참조 | H15: Discrete | K15: 자가평가워크북 [릴리즈이력 참조] 시트 BP#6 동일 | L15: 0.6 | M15: 검토중
A16: 12 | B16: SPL.2 | C16: 제품 릴리스 관리 | E16: 7 | F16: Release Note / 릴리스 지원유형/수준/기간 안내서(릴리스 노트 내 포함) | G16: 릴리즈이력 참조 | H16: Discrete | K16: 자가평가워크북 [릴리즈이력 참조] 시트 BP#7 동일 | L16: 0.6 | M16: 검토중
A17: 13 | B17: SPL.2 | C17: 제품 릴리스 관리 | E17: 8 | F17: Delivery Evidence / 릴리스 패키지 인도/납품 증적 | G17: 릴리즈이력 참조 | H17: Discrete | K17: 자가평가워크북 [릴리즈이력 참조] 시트 BP#8 동일 | L17: 0.6 | M17: 검토중
A18: 14 | B18: MAN.3 | C18: 프로젝트 관리 | E18: 1 | F18: Project Plan / 프로젝트 작업범위 정의서(프로젝트 계획서 내 포함) | G18: M-Car | H18: Discrete | I18: Y | J18: 0.4 | K18: 자가평가워크북 [M-Car] 시트 BP#1 동일 | L18: 1 | M18: 완료
A19: 15 | B19: MAN.3 | C19: 프로젝트 관리 | E19: 2 | F19: Project Plan / 프로젝트 생명주기 정의서(프로젝트 계획서 내 포함) | G19: M-Car | H19: Discrete | I19: Y | J19: 0.4 | K19: 자가평가워크북 [M-Car] 시트 BP#2 동일 | L19: 1 | M19: 완료
A20: 16 | B20: MAN.3 | C20: 프로젝트 관리 | E20: 3 | F20: Analysis Results / 프로젝트 실현가능성 분석서 | G20: M-Car | H20: Discrete | I20: N | J20: 1 | K20: 자가평가워크북 [M-Car] 시트 BP#3 동일 | L20: 1 | M20: 완료
A21: 17 | B21: MAN.3 | C21: 프로젝트 관리 | E21: 4 | F21: Project Plan / 작업패키지/WBS 정의서(프로젝트 계획서 내 포함) | G21: M-Car | H21: Discrete | I21: Y | J21: 0.4 | K21: 자가평가워크북 [M-Car] 시트 BP#4 동일 | L21: 1 | M21: 완료
A22: 18 | B22: MAN.3 | C22: 프로젝트 관리 | E22: 5 | F22: Project Plan / 프로젝트 산정치 및 자원계획서(프로젝트 계획서 내 포함) | G22: M-Car | H22: Discrete | I22: Y | J22: 0.4 | K22: 자가평가워크북 [M-Car] 시트 BP#5 동일 | L22: 1 | M22: 완료
A23: 19 | B23: MAN.3 | C23: 프로젝트 관리 | E23: 6 | F23: Project Plan / 필요 기술/지식/경험(역량) 계획서(프로젝트 계획서 내 포함) | G23: M-Car | H23: Discrete | I23: Y | J23: 0.4 | K23: 자가평가워크북 [M-Car] 시트 BP#6 동일 | L23: 1 | M23: 완료
A24: 20 | B24: MAN.3 | C24: 프로젝트 관리 | E24: 7 | F24: Project Plan / 프로젝트 인터페이스 및 합의된 약속사항 정의서(프로젝트 계획서 내 포함) | G24: M-Car | H24: Discrete | I24: Y | J24: 0.4 | K24: 자가평가워크북 [M-Car] 시트 BP#7 동일 | L24: 1 | M24: 완료
A25: 21 | B25: MAN.3 | C25: 프로젝트 관리 | E25: 8 | F25: Project Plan / 프로젝트 일정표(프로젝트 계획서 내 포함) | G25: M-Car | H25: Discrete | I25: Y | J25: 0.4 | K25: 자가평가워크북 [M-Car] 시트 BP#8 동일 | L25: 1 | M25: 완료
A26: 22 | B26: MAN.3 | C26: 프로젝트 관리 | E26: 9 | F26: Consistency Evidence / 프로젝트 계획 일관성 검증 근거 | G26: P1 | H26: Discrete | I26: N | J26: 1 | K26: 자가평가워크북 [P1] 시트 BP#9 동일 | L26: 0.25 | M26: 진행중
A27: 23 | B27: MAN.3 | C27: 프로젝트 관리 | E27: 10 | F27: Progress Status / 프로젝트 진척현황 보고서 | G27: P1 | H27: LOE | K27: 자가평가워크북 [P1] 시트 BP#10 동일 | L27: 0.25 | M27: 진행중
A28: 24 | B28: SUP.1 | C28: 품질보증(QA) | E28: 1 | F28: Quality Assurance Plan / 품질보증 독립성 명시 문서(품질보증계획서 내 포함) | G28: M-Car | H28: Discrete | I28: Y | J28: 0.4 | K28: 자가평가워크북 [M-Car] 시트 BP#1 동일 | L28: 1 | M28: 완료
A29: 25 | B29: SUP.1 | C29: 품질보증(QA) | E29: 2 | F29: Quality Assurance Plan / 품질보증 기준/체크리스트(품질보증계획서 내 포함) | G29: M-Car | H29: Discrete | I29: Y | J29: 0.4 | K29: 자가평가워크북 [M-Car] 시트 BP#2 동일 | L29: 1 | M29: 완료
A30: 26 | B30: SUP.1 | C30: 품질보증(QA) | E30: 3 | F30: Review Evidence / 작업산출물 품질검토 기록 | G30: Proto | H30: LOE | K30: 자가평가워크북 [Proto] 시트 BP#3 동일 | L30: 1 | M30: 완료
A31: 27 | B31: SUP.1 | C31: 품질보증(QA) | E31: 4 | F31: Audit Report / 프로세스 활동 품질감사 보고서 | G31: Proto | H31: Discrete | I31: N | J31: 1 | K31: 자가평가워크북 [Proto] 시트 BP#4 동일 | L31: 1 | M31: 완료
A32: 28 | B32: SUP.1 | C32: 품질보증(QA) | E32: 5 | F32: Communication Evidence / 품질보증 활동/결과 요약보고서 | G32: P1 | H32: LOE | K32: 자가평가워크북 [P1] 시트 BP#5 동일 | L32: 0.25 | M32: 진행중
A33: 29 | B33: SUP.1 | C33: 품질보증(QA) | E33: 6 | F33: Corrective Action / 부적합사항 시정조치 기록 | G33: P1 | H33: LOE | K33: 자가평가워크북 [P1] 시트 BP#6 동일 | L33: 0.25 | M33: 진행중
A34: 30 | B34: SUP.1 | C34: 품질보증(QA) | E34: 7 | F34: Corrective Action / 부적합사항 에스컬레이션(상위보고) 기록 | G34: P1 | H34: LOE | K34: 자가평가워크북 [P1] 시트 BP#7 동일 | L34: 0.25 | M34: 진행중
A35: 31 | B35: SUP.8 | C35: 형상관리(CM) | E35: 1 | F35: Configuration Item List / 형상항목 식별목록 | G35: M-Car | H35: Discrete | I35: N | J35: 1 | K35: 자가평가워크북 [M-Car] 시트 BP#1 동일 | L35: 1 | M35: 완료
A36: 32 | B36: SUP.8 | C36: 형상관리(CM) | E36: 2 | F36: Configuration Item List / 형상항목 속성정의서 | G36: M-Car | H36: Discrete | I36: N | J36: 1 | K36: 자가평가워크북 [M-Car] 시트 BP#2 동일 | L36: 1 | M36: 완료
A37: 33 | B37: SUP.8 | C37: 형상관리(CM) | E37: 3 | F37: Configuration Management Plan / 형상관리계획서 | G37: M-Car | H37: Discrete | I37: Y | J37: 0.4 | K37: 자가평가워크북 [M-Car] 시트 BP#3 동일 | L37: 1 | M37: 완료
A38: 34 | B38: SUP.8 | C38: 형상관리(CM) | E38: 4 | F38: Change Request / 형상항목 변경통제 기록 | G38: Proto | H38: LOE | K38: 자가평가워크북 [Proto] 시트 BP#4 동일 | L38: 1 | M38: 완료
A39: 35 | B39: SUP.8 | C39: 형상관리(CM) | E39: 5 | F39: Baseline / 베이스라인 기록서 | G39: Proto | H39: Discrete | I39: N | J39: 1 | K39: 자가평가워크북 [Proto] 시트 BP#5 동일 | L39: 1 | M39: 완료
A40: 36 | B40: SUP.8 | C40: 형상관리(CM) | E40: 6 | F40: Communication Evidence / 형상현황 요약/공유 보고서 | G40: P1 | H40: LOE | K40: 자가평가워크북 [P1] 시트 BP#6 동일 | L40: 0.25 | M40: 진행중
A41: 37 | B41: SUP.8 | C41: 형상관리(CM) | E41: 7 | F41: Consistency Evidence / 형상항목 완전성/일관성 검증 기록 | G41: P1 | H41: Discrete | I41: N | J41: 1 | K41: 자가평가워크북 [P1] 시트 BP#7 동일 | L41: 0.25 | M41: 진행중
A42: 38 | B42: SUP.8 | C42: 형상관리(CM) | E42: 8 | F42: Verification Results / 백업 및 복구 메커니즘 가용성 검증 기록 | G42: P1 | H42: Discrete | I42: N | J42: 1 | K42: 자가평가워크북 [P1] 시트 BP#8 동일 | L42: 0.25 | M42: 진행중
A43: 39 | B43: SUP.9 | C43: 문제해결관리 | E43: 1 | F43: Problem Record / 문제 식별/기록서 | G43: Proto | H43: LOE | K43: 자가평가워크북 [Proto] 시트 BP#1 동일 | L43: 1 | M43: 완료
A44: 40 | B44: SUP.9 | C44: 문제해결관리 | E44: 2 | F44: Analysis Results / 문제 원인 및 영향 분석서 | G44: Proto | H44: LOE | K44: 자가평가워크북 [Proto] 시트 BP#2 동일 | L44: 1 | M44: 완료
A45: 41 | B45: SUP.9 | C45: 문제해결관리 | E45: 3 | F45: Corrective Action / 긴급 해결조치 승인기록 | G45: Proto | H45: LOE | K45: 자가평가워크북 [Proto] 시트 BP#3 동일 | L45: 1 | M45: 완료
A46: 42 | B46: SUP.9 | C46: 문제해결관리 | E46: 4 | F46: Communication Evidence / 경고 알림 통지서 | G46: Proto | H46: LOE | K46: 자가평가워크북 [Proto] 시트 BP#4 동일 | L46: 1 | M46: 완료
A47: 43 | B47: SUP.9 | C47: 문제해결관리 | E47: 5 | F47: Corrective Action / 문제해결 개시 기록 | G47: P1 | H47: LOE | K47: 자가평가워크북 [P1] 시트 BP#5 동일 | L47: 0.25 | M47: 진행중
A48: 44 | B48: SUP.9 | C48: 문제해결관리 | E48: 6 | F48: Problem Record / 문제 종결추적 기록서 | G48: P1 | H48: LOE | K48: 자가평가워크북 [P1] 시트 BP#6 동일 | L48: 0.25 | M48: 진행중
A49: 45 | B49: SUP.9 | C49: 문제해결관리 | E49: 7 | F49: Communication Evidence / 문제해결 활동 상태보고서 | G49: P1 | H49: LOE | K49: 자가평가워크북 [P1] 시트 BP#7 동일 | L49: 0.25 | M49: 진행중
A50: 46 | B50: SUP.10 | C50: 변경요청관리 | E50: 1 | F50: Change Request / 변경요청 식별/기록서 | G50: Proto | H50: LOE | K50: 자가평가워크북 [Proto] 시트 BP#1 동일 | L50: 1 | M50: 완료
A51: 47 | B51: SUP.10 | C51: 변경요청관리 | E51: 2 | F51: Analysis Results / 변경요청 분석/평가서 | G51: Proto | H51: LOE | K51: 자가평가워크북 [Proto] 시트 BP#2 동일 | L51: 1 | M51: 완료
A52: 48 | B52: SUP.10 | C52: 변경요청관리 | E52: 3 | F52: Change Request / 변경요청 구현 전 승인기록 | G52: Proto | H52: LOE | K52: 자가평가워크북 [Proto] 시트 BP#3 동일 | L52: 1 | M52: 완료
A53: 49 | B53: SUP.10 | C53: 변경요청관리 | E53: 4 | F53: Consistency Evidence / 변경요청 양방향 추적성 매트릭스 | G53: P1 | H53: Discrete | I53: N | J53: 1 | K53: 자가평가워크북 [P1] 시트 BP#4 동일 | L53: 0.25 | M53: 진행중
A54: 50 | B54: SUP.10 | C54: 변경요청관리 | E54: 5 | F54: Verification Results / 변경요청 구현 확인기록 | G54: P1 | H54: LOE | K54: 자가평가워크북 [P1] 시트 BP#5 동일 | L54: 0.25 | M54: 진행중
A55: 51 | B55: SUP.10 | C55: 변경요청관리 | E55: 6 | F55: Change Request / 변경요청 종결추적/현황 보고서 | G55: P1 | H55: LOE | K55: 자가평가워크북 [P1] 시트 BP#6 동일 | L55: 0.25 | M55: 진행중
A56: 52 | B56: SUP.11 | C56: ML 데이터관리(ASW에 포함) | E56: 1 | F56: ML Data Management Plan / ML 데이터 관리체계 정의서 | G56: M-Car | H56: Discrete | I56: Y | J56: 0.4 | K56: 자가평가워크북 [M-Car] 시트 BP#1 동일 | L56: 1 | M56: 완료
A57: 53 | B57: SUP.11 | C57: ML 데이터관리(ASW에 포함) | E57: 2 | F57: ML Data Quality Plan / ML 데이터 품질 접근방식/기준서 | G57: M-Car | H57: Discrete | I57: Y | J57: 0.4 | K57: 자가평가워크북 [M-Car] 시트 BP#2 동일 | L57: 1 | M57: 완료
A58: 54 | B58: SUP.11 | C58: ML 데이터관리(ASW에 포함) | E58: 3 | F58: ML Data Set / ML 원시 데이터 수집셋 | G58: Proto | H58: Discrete | I58: N | J58: 1 | K58: 자가평가워크북 [Proto] 시트 BP#3 동일 | L58: 1 | M58: 완료
A59: 55 | B59: SUP.11 | C59: ML 데이터관리(ASW에 포함) | E59: 4 | F59: ML Data Set / ML 가공(처리) 데이터셋 | G59: Proto | H59: Discrete | I59: N | J59: 1 | K59: 자가평가워크북 [Proto] 시트 BP#4 동일 | L59: 1 | M59: 완료
A60: 56 | B60: SUP.11 | C60: ML 데이터관리(ASW에 포함) | E60: 5 | F60: Verification Results / ML 데이터 품질보증 기록 | G60: P1 | H60: Discrete | I60: N | J60: 1 | K60: 자가평가워크북 [P1] 시트 BP#5 동일 | L60: 0.25 | M60: 진행중
A61: 57 | B61: SUP.11 | C61: ML 데이터관리(ASW에 포함) | E61: 6 | F61: Communication Evidence / 합의된 처리완료 ML 데이터 공유기록 | G61: P1 | H61: Discrete | I61: N | J61: 1 | K61: 자가평가워크북 [P1] 시트 BP#6 동일 | L61: 0.25 | M61: 진행중
A62: 58 | B62: SYS.2 | C62: 시스템 요구사항분석 | E62: 1 | F62: Requirement / 시스템 요구사항 명세서 | G62: M-Car | H62: Discrete | I62: Y | J62: 0.4 | K62: 자가평가워크북 [M-Car] 시트 BP#1 동일 | L62: 1 | M62: 완료
A63: 59 | B63: SYS.2 | C63: 시스템 요구사항분석 | E63: 2 | F63: Requirement Attribute / 시스템 요구사항 구조화/우선순위 문서 | G63: M-Car | H63: Discrete | I63: Y | J63: 0.4 | K63: 자가평가워크북 [M-Car] 시트 BP#2 동일 | L63: 1 | M63: 완료
A64: 60 | B64: SYS.2 | C64: 시스템 요구사항분석 | E64: 3 | F64: Analysis Results / 시스템 요구사항 분석서 | G64: M-Car | H64: Discrete | I64: N | J64: 1 | K64: 자가평가워크북 [M-Car] 시트 BP#3 동일 | L64: 1 | M64: 완료
A65: 61 | B65: SYS.2 | C65: 시스템 요구사항분석 | E65: 4 | F65: Analysis Results / 시스템 컨텍스트 영향분석서 | G65: M-Car | H65: Discrete | I65: N | J65: 1 | K65: 자가평가워크북 [M-Car] 시트 BP#4 동일 | L65: 1 | M65: 완료
A66: 62 | B66: SYS.2 | C66: 시스템 요구사항분석 | E66: 5 | F66: Consistency Evidence / 시스템요구사항-이해관계자요구사항 추적성 매트릭스 | G66: M-Car | H66: Discrete | I66: N | J66: 1 | K66: 자가평가워크북 [M-Car] 시트 BP#5 동일 | L66: 1 | M66: 완료
A67: 63 | B67: SYS.2 | C67: 시스템 요구사항분석 | E67: 6 | F67: Communication Evidence / 합의된 시스템 요구사항 공유기록 | G67: M-Car | H67: Discrete | I67: N | J67: 1 | K67: 자가평가워크북 [M-Car] 시트 BP#6 동일 | L67: 1 | M67: 완료
... A93: 89 | B93: SWE.2 | C93: SW 아키텍처설계 | E93: 5 | F93: Communication Evidence / 합의된 소프트웨어 아키텍처 공유기록 | G93: M-Car | H93: Discrete | I93: N | J93: 1 | K93: 자가평가워크북 [M-Car] 시트 BP#5 동일 | L93: 1 | M93: 완료
A94: 90 | B94: SWE.3-ASW | C94: SW 상세설계/단위구현(ASW) | D94: ASW | E94: 1 | F94: Software Detailed Design / 소프트웨어 상세설계서(정적측면) | G94: Proto | H94: Discrete | I94: Y | J94: 0.4 | K94: 자가평가워크북 [Proto] 시트 BP#1 동일 | L94: 1 | M94: 완료
A95: 91 | B95: SWE.3-BSW | C95: SW 상세설계/단위구현(BSW) | D95: BSW | E95: 1 | F95: Software Detailed Design / 소프트웨어 상세설계서(정적측면) | G95: Proto | H95: Discrete | I95: Y | J95: 0.4 | K95: 자가평가워크북 [Proto] 시트 BP#1 동일 | L95: 1 | M95: 완료
A96: 92 | B96: SWE.3-ASW | C96: SW 상세설계/단위구현(ASW) | D96: ASW | E96: 2 | F96: Software Detailed Design / 소프트웨어 상세설계서(동적측면) | G96: Proto | H96: Discrete | I96: Y | J96: 0.4 | K96: 자가평가워크북 [Proto] 시트 BP#2 동일 | L96: 1 | M96: 완료
A97: 93 | B97: SWE.3-BSW | C97: SW 상세설계/단위구현(BSW) | D97: BSW | E97: 2 | F97: Software Detailed Design / 소프트웨어 상세설계서(동적측면) | G97: Proto | H97: Discrete | I97: Y | J97: 0.4 | K97: 자가평가워크북 [Proto] 시트 BP#2 동일 | L97: 1 | M97: 완료
A98: 94 | B98: SWE.3-ASW | C98: SW 상세설계/단위구현(ASW) | D98: ASW | E98: 3 | F98: Software Unit / 소프트웨어 단위(소스코드) | G98: Proto | H98: Discrete | I98: Y | J98: 0.4 | K98: 자가평가워크북 [Proto] 시트 BP#3 동일 | L98: 1 | M98: 완료
A99: 95 | B99: SWE.3-BSW | C99: SW 상세설계/단위구현(BSW) | D99: BSW | E99: 3 | F99: Software Unit / 소프트웨어 단위(소스코드) | G99: Proto | H99: Discrete | I99: Y | J99: 0.4 | K99: 자가평가워크북 [Proto] 시트 BP#3 동일 | L99: 1 | M99: 완료
A100: 96 | B100: SWE.3-ASW | C100: SW 상세설계/단위구현(ASW) | D100: ASW | E100: 4 | F100: Consistency Evidence / 상세설계-아키텍처/소스코드/요구사항 추적성 매트릭스 | G100: Proto | H100: Discrete | I100: N | J100: 1 | K100: 자가평가워크북 [Proto] 시트 BP#4 동일 | L100: 1 | M100: 완료
A101: 97 | B101: SWE.3-BSW | C101: SW 상세설계/단위구현(BSW) | D101: BSW | E101: 4 | F101: Consistency Evidence / 상세설계-아키텍처/소스코드/요구사항 추적성 매트릭스 | G101: Proto | H101: Discrete | I101: N | J101: 1 | K101: 자가평가워크북 [Proto] 시트 BP#4 동일 | L101: 1 | M101: 완료
A102: 98 | B102: SWE.3-ASW | C102: SW 상세설계/단위구현(ASW) | D102: ASW | E102: 5 | F102: Communication Evidence / 합의된 상세설계 및 SW단위 공유기록 | G102: Proto | H102: Discrete | I102: N | J102: 1 | K102: 자가평가워크북 [Proto] 시트 BP#5 동일 | L102: 1 | M102: 완료
A103: 99 | B103: SWE.3-BSW | C103: SW 상세설계/단위구현(BSW) | D103: BSW | E103: 5 | F103: Communication Evidence / 합의된 상세설계 및 SW단위 공유기록 | G103: Proto | H103: Discrete | I103: N | J103: 1 | K103: 자가평가워크북 [Proto] 시트 BP#5 동일 | L103: 1 | M103: 완료
A104: 100 | B104: SWE.4-ASW | C104: SW 단위검증(ASW) | D104: ASW | E104: 1 | F104: Verification Measure / 소프트웨어 단위검증 방안서 | G104: Proto | H104: Discrete | I104: N | J104: 1 | K104: 자가평가워크북 [Proto] 시트 BP#1 동일 | L104: 1 | M104: 완료
A105: 101 | B105: SWE.4-BSW | C105: SW 단위검증(BSW) | D105: BSW | E105: 1 | F105: Verification Measure / 소프트웨어 단위검증 방안서 | G105: Proto | H105: Discrete | I105: N | J105: 1 | K105: 자가평가워크북 [Proto] 시트 BP#1 동일 | L105: 1 | M105: 완료
... A113: 109 | B113: SWE.4-BSW | C113: SW 단위검증(BSW) | D113: BSW | E113: 5 | F113: Communication Evidence / SW단위검증 결과 요약보고서 | G113: Proto | H113: Discrete | I113: N | J113: 1 | K113: 자가평가워크북 [Proto] 시트 BP#5 동일 | L113: 1 | M113: 완료
A114: 110 | B114: SWE.5 | C114: SW 통합/통합검증 | E114: 1 | F114: Verification Measure / 소프트웨어 통합검증 방안서 | G114: Proto | H114: Discrete | I114: N | J114: 1 | K114: 자가평가워크북 [Proto] 시트 BP#1 동일 | L114: 1 | M114: 완료
A115: 111 | B115: SWE.5 | C115: SW 통합/통합검증 | E115: 2 | F115: Verification Measure / 소프트웨어 컴포넌트 검증방안서 | G115: Proto | H115: Discrete | I115: N | J115: 1 | K115: 자가평가워크북 [Proto] 시트 BP#2 동일 | L115: 1 | M115: 완료
A116: 112 | B116: SWE.5 | C116: SW 통합/통합검증 | E116: 3 | F116: Verification Measure Selection Set / 검증방안 선정목록 | G116: Proto | H116: Discrete | I116: N | J116: 1 | K116: 자가평가워크북 [Proto] 시트 BP#3 동일 | L116: 1 | M116: 완료
A117: 113 | B117: SWE.5 | C117: SW 통합/통합검증 | E117: 4 | F117: Verification Results / 소프트웨어 통합/통합검증 결과서 | G117: P1 | H117: Discrete | I117: N | J117: 1 | K117: 자가평가워크북 [P1] 시트 BP#4 동일 | L117: 0.25 | M117: 진행중
A118: 114 | B118: SWE.5 | C118: SW 통합/통합검증 | E118: 5 | F118: Verification Results / 소프트웨어 컴포넌트 검증결과서 | G118: P1 | H118: Discrete | I118: N | J118: 1 | K118: 자가평가워크북 [P1] 시트 BP#5 동일 | L118: 0.25 | M118: 진행중
A119: 115 | B119: SWE.5 | C119: SW 통합/통합검증 | E119: 6 | F119: Consistency Evidence / 검증방안-아키텍처/상세설계/검증결과 추적성 매트릭스 | G119: P1 | H119: Discrete | I119: N | J119: 1 | K119: 자가평가워크북 [P1] 시트 BP#6 동일 | L119: 0.25 | M119: 진행중
A120: 116 | B120: SWE.5 | C120: SW 통합/통합검증 | E120: 7 | F120: Communication Evidence / 컴포넌트/통합검증 결과 요약보고서 | G120: P1 | H120: Discrete | I120: N | J120: 1 | K120: 자가평가워크북 [P1] 시트 BP#7 동일 | L120: 0.25 | M120: 진행중
A121: 117 | B121: SWE.6 | C121: SW 검증 | E121: 1 | F121: Verification Measure / 소프트웨어 검증방안서 | G121: P1 | H121: Discrete | I121: N | J121: 1 | K121: 자가평가워크북 [P1] 시트 BP#1 동일 | L121: 0.25 | M121: 진행중
A122: 118 | B122: SWE.6 | C122: SW 검증 | E122: 2 | F122: Verification Measure Selection Set / SW검증 방안 선정목록 | G122: P1 | H122: Discrete | I122: N | J122: 1 | K122: 자가평가워크북 [P1] 시트 BP#2 동일 | L122: 0.25 | M122: 진행중
A123: 119 | B123: SWE.6 | C123: SW 검증 | E123: 3 | F123: Verification Results / 통합 소프트웨어 검증결과서 | G123: P2 | H123: Discrete | I123: N | J123: 1 | K123: 자가평가워크북 [P2] 시트 BP#3 동일 | L123: 0 | M123: 미착수
A124: 120 | B124: SWE.6 | C124: SW 검증 | E124: 4 | F124: Consistency Evidence / 검증방안-SW요구사항/검증결과 추적성 매트릭스 | G124: P2 | H124: Discrete | I124: N | J124: 1 | K124: 자가평가워크북 [P2] 시트 BP#4 동일 | L124: 0 | M124: 미착수
A125: 121 | B125: SWE.6 | C125: SW 검증 | E125: 5 | F125: Communication Evidence / SW검증결과 요약보고서 | G125: P2 | H125: Discrete | I125: N | J125: 1 | K125: 자가평가워크북 [P2] 시트 BP#5 동일 | L125: 0 | M125: 미착수
... A179: 175 | B179: HWE.4 | C179: HW 요구사항검증 | E179: 6 | F179: Communication Evidence / HW요구사항검증 결과 요약보고서 | G179: P2 | H179: Discrete | I179: N | J179: 1 | K179: 자가평가워크북 [P2] 시트 BP#6 동일 | L179: 0 | M179: 미착수

Sheet 마일스톤_요약
A4: 마일스톤 | B4: Discrete WP 수 | C4: LOE WP 수 | D4: 합계 | E4: 비중(%) | F4: 원본 비중(Discrete만, 비교기준) | G4: 보정후 가중치 | H4: 보정후 비중(%) | I4: 차이(비중, %p) | J4: 사유(왜 원본과 다른가)
A5: M-Car | B5: =COUNTIFS(WP_상세!$G$5:$G$500,A5,WP_상세!$H$5:$H$500,"Discrete") -> 63 | C5: =COUNTIFS(WP_상세!$G$5:$G$500,A5,WP_상세!$H$5:$H$500,"LOE") -> 0 | D5: =B5+C5 -> 63 | E5: =IF($D$11=0,0,D5/$D$11) -> 0.36 | F5: =IFERROR(B5/SUM($B$5:$B$9),0) -> 0.43448276 | G5: =계획곡선_보정!H184 -> 48.12 | H5: =IFERROR(G5/$G$13,0) -> 0.33186207 | I5: =H5-F5 -> -0.10262069 | J5: 요구사항·아키텍처 등 설계/계획형 산출물은 여기서 '최초 작성'되지만 이후 마일스톤까지 계속 개정된다. 최초작성분(가정: 40%)만 이 시점에 남고, 나머지 60%는 후속 마일스톤으로 재배분되어 원본 대비 비중이 낮아짐(WP_상세 '유지보수반영=Y' 대상).
A6: Proto | B6: =COUNTIFS(WP_상세!$G$5:$G$500,A6,WP_상세!$H$5:$H$500,"Discrete") -> 35 | C6: =COUNTIFS(WP_상세!$G$5:$G$500,A6,WP_상세!$H$5:$H$500,"LOE") -> 11 | D6: =B6+C6 -> 46 | E6: =IF($D$11=0,0,D6/$D$11) -> 0.26285714 | F6: =IFERROR(B6/SUM($B$5:$B$9),0) -> 0.24137931 | G6: =계획곡선_보정!I184 -> 36.02 | H6: =IFERROR(G6/$G$13,0) -> 0.24841379 | I6: =H6-F6 -> 0.0070344828 | J6: M-Car에서 시작된 지속개정형 산출물의 유지보수 개정분 일부가 이 마일스톤에 추가 배분되어 원본보다 비중이 소폭 상승.
A7: P1 | B7: =COUNTIFS(WP_상세!$G$5:$G$500,A7,WP_상세!$H$5:$H$500,"Discrete") -> 29 | C7: =COUNTIFS(WP_상세!$G$5:$G$500,A7,WP_상세!$H$5:$H$500,"LOE") -> 11 | D7: =B7+C7 -> 40 | E7: =IF($D$11=0,0,D7/$D$11) -> 0.22857143 | F7: =IFERROR(B7/SUM($B$5:$B$9),0) -> 0.2 | G7: =계획곡선_보정!J184 -> 33.62 | H7: =IFERROR(G7/$G$13,0) -> 0.23186207 | I7: =H7-F7 -> 0.031862069 | J7: 동일한 유지보수 개정분 배분 효과로 원본보다 비중 상승.
A8: P2 | B8: =COUNTIFS(WP_상세!$G$5:$G$500,A8,WP_상세!$H$5:$H$500,"Discrete") -> 18 | C8: =COUNTIFS(WP_상세!$G$5:$G$500,A8,WP_상세!$H$5:$H$500,"LOE") -> 0 | D8: =B8+C8 -> 18 | E8: =IF($D$11=0,0,D8/$D$11) -> 0.10285714 | F8: =IFERROR(B8/SUM($B$5:$B$9),0) -> 0.12413793 | G8: =계획곡선_보정!K184 -> 22.62 | H8: =IFERROR(G8/$G$13,0) -> 0.156 | I8: =H8-F8 -> 0.031862069 | J8: 동일한 유지보수 개정분 배분 효과로 원본보다 비중 상승.
A9: SoP | B9: =COUNTIFS(WP_상세!$G$5:$G$500,A9,WP_상세!$H$5:$H$500,"Discrete") -> 0 | C9: =COUNTIFS(WP_상세!$G$5:$G$500,A9,WP_상세!$H$5:$H$500,"LOE") -> 0 | D9: =B9+C9 -> 0 | E9: =IF($D$11=0,0,D9/$D$11) -> 0 | F9: =IFERROR(B9/SUM($B$5:$B$9),0) -> 0 | G9: =계획곡선_보정!L184 -> 4.62 | H9: =IFERROR(G9/$G$13,0) -> 0.031862069 | I9: =H9-F9 -> 0.031862069 | J9: 원본은 신규 산출물이 없어 0%였으나, M-Car~P2에서 시작된 산출물들의 유지보수 개정이 프로젝트 종료 시점까지 이어진다고 가정해 배분되므로 0%가 아닌 값을 갖게 됨.
A10: 릴리즈이력 참조 | B10: =COUNTIFS(WP_상세!$G$5:$G$500,A10,WP_상세!$H$5:$H$500,"Discrete") -> 8 | C10: =COUNTIFS(WP_상세!$G$5:$G$500,A10,WP_상세!$H$5:$H$500,"LOE") -> 0 | D10: =B10+C10 -> 8 | E10: =IF($D$11=0,0,D10/$D$11) -> 0.045714286 | F10: 해당없음 | G10: 해당없음 | H10: 해당없음 | I10: 해당없음 | J10: 별도 트랙(배포 이벤트)이라 유지보수 개정 보정 대상에서 제외(설계문서 8장 참조).
A11: 합계 | B11: =SUM(B5:B10) -> 153 | C11: =SUM(C5:C10) -> 22 | D11: =SUM(D5:D10) -> 175
A13: 보정후 전체 합계(참고) | G13: =계획곡선_보정!H184+계획곡선_보정!I184+계획곡선_보정!J184+계획곡선_보정!K184+계획곡선_보정!L184 -> 145
A15: ※ '보정후'는 계획곡선_보정 시트(11~12장, 유지보수 개정 반영)의 결과를 그대로 가져온 것이다. 두 표가 다르게 보이는 것은 오류가 아니라, 설계/계획형 산출물이 원 마일스톤 이후에도 계속 개정된다는 사실을 반영했기 때문이다.

Sheet LOE_계정
A4: LOE 계정명 | B4: 성격 | C4: 관리 방식 | D4: 월별 계획(PV) 방식 | E4: 담당(CAM) | F4: 비고
A5: 프로젝트 공통비(공통경비) | B5: LOE | C5: 비배부 — 별도 CA로 집계(설계문서 7장 방식 A) | D5: 월 정액 균등분할 | F5: PM/CM/QA 등 특정 CA에 배부하지 않음
A6: 출장경비 | B6: LOE(경비 풀) | C6: 프로젝트 공통비 CA에 합산 관리 | D6: 월별 계획 대비 실비 비교 | F6: MM이 아닌 순수 경비이므로 별도 관리
A7: PM 정기활동(회의체 운영 등) | B7: LOE | C7: MAN.3 CA 내 LOE WP로 관리(설계문서 6-3) | D7: 시간비례 | F7: 계획서 승인 등 이벤트성 활동은 WP_상세의 Discrete WP로 별도 관리

Sheet 가정
B4: ① 개발 시나리오 선택 | C4: 균형자체개발형(ASW-BSW 유사비중) | D4: ← 이 셀의 드롭다운에서 프로젝트 상황에 맞는 시나리오를 선택하면 CA_개요의 BAC 배분비중이 자동으로 바뀝니다.
B6: 시나리오\카테고리 | C6: 관리/LOE | D6: 릴리스 | E6: 조달 | F6: 시스템 | G6: 공통(SW설계) | H6: ASW | I6: BSW | J6: 통합 | K6: HW | L6: 검증 | M6: 합계(=100% 확인)
B7: 균형자체개발형(ASW-BSW 유사비중) | C7: 0.18 | D7: 0.04 | E7: 0.08 | F7: 0.08 | G7: 0.06 | H7: 0.22 | I7: 0.2 | J7: 0.06 | K7: 0.06 | L7: 0.02 | M7: =SUM(C7:L7) -> 1
B8: 완성차 ASW사급+BSW전량외주(당사 통합중심) | C8: 0.14 | D8: 0.03 | E8: 0.18 | F8: 0.05 | G8: 0.03 | H8: 0.03 | I8: 0.45 | J8: 0.07 | K8: 0.02 | L8: 0 | M8: =SUM(C8:L8) -> 1
B9: Tier-1 표준형(ASW자체개발, BSW외주/AUTOSAR구매) | C9: 0.18 | D9: 0.04 | E9: 0.1 | F9: 0.07 | G9: 0.05 | H9: 0.32 | I9: 0.08 | J9: 0.08 | K9: 0.06 | L9: 0.02 | M9: =SUM(C9:L9) -> 1
B11: 시나리오 설명
B12: 균형자체개발형(ASW-BSW 유사비중) | C12: ASW/BSW를 모두 자체 인력으로 개발하며 두 계층의 비중이 비슷한 경우
B13: 완성차 ASW사급+BSW전량외주(당사 통합중심) | C13: 완성차가 ASW를 사급하고 BSW는 전량 외주, 당사는 통합·검증 위주로 수행하는 경우
B14: Tier-1 표준형(ASW자체개발, BSW외주/AUTOSAR구매) | C14: ASW는 자체개발(ML 포함)하고 BSW는 외주 또는 AUTOSAR 상용툴 구매로 조달하는 일반적 구조
B18: ② 그 외 가정 목록
B19: ML 처리 방식 가정 | C19: ML(머신러닝)은 별도 관리체계를 두지 않고 ASW의 일부로 취급. SUP.11(ML데이터관리), MLE.1~4 CA는 원본 자가평가 워크북 구조를 보존하기 위해 CA 자체는 남기되, BAC 카테고리는 모두 'ASW'로 배정.
B20: HW 병행개발 가정 | C20: A/B 샘플 개발 등 HW가 SW와 함께 병행 개발된다고 가정하여 HWE.1~4를 'HW' 카테고리로 배정, 3개 시나리오 모두에서 2~6% 실질 비중을 부여함(이전 초안의 '해당없음 0%'에서 변경).
B21: ASW/BSW CA 분리 | C21: SWE.3(상세설계/단위구현), SWE.4(단위검증)는 계층별로 담당(자체 vs 외주)이 크게 달라지는 지점이므로 'SWE.3-ASW/BSW', 'SWE.4-ASW/BSW' 4개 CA로 분리. 원본 자가평가 워크북은 계층 구분 없이 BP를 채점하므로, 이 4개 CA는 동일한 BP#/채점기준을 공유하되 진도율은 계층별로 각자 입력해야 함(자가평가 워크북 자체의 계층 확장은 별도 검토 필요).
B22: 개발 시나리오 매트릭스 | C22: 외주 구조(ASW 자체개발/BSW 외주, 완성차 사급 등)에 따라 카테고리 목표비중이 크게 달라지므로, 고정값 대신 3가지 시나리오를 매트릭스로 제공하고 C4셀에서 선택하도록 구성. 제시된 3개 시나리오는 예시이며, 실제 계약구조가 다르면 매트릭스의 숫자를 직접 수정(노란색 셀)하거나 새 행을 추가해도 됨.
B23: CA 내 BAC 세부 배분 방식 | C23: 각 카테고리 목표비중을, CA_개요의 '소속 WP(산출물) 개수'에 비례하여 같은 카테고리 내 CA들에 배분(=목표비중×해당CA WP수/해당카테고리 전체WP수). 실제 MM 계획이 수립되면 이 근사 배분을 교체할 것(설계문서 5장: BAC는 궁극적으로 실제 MM 계획 기반이어야 함).
B24: 혼합 CA의 Discrete/LOE 최종 확정 | C24: WP_상세의 관리방식(확정) 열은 산출물명 키워드 자동제안에 수기검토를 거쳐 확정한 것. ACQ.4 BP3(공동검토기록), BP5(시정조치기록)는 반복적 활동 성격이 강해 자동제안(Discrete)에서 LOE로 재분류함(K열에 표시). 나머지 혼합 CA(SUP.1/SUP.8/SUP.10)는 자동제안값을 그대로 채택.
B25: 마일스톤 정규화 시점 가정 | C25: 계획곡선 산정을 위해 프로젝트 전체 기간 대비 마일스톤 시점을 M-Car=15%, Proto=40%, P1=60%, P2=85%, SoP=100%로 가정(자동차 SW 개발의 전형적 마일스톤 간격 기준). 실제 프로젝트 일정표가 확정되면 반드시 교체할 것.
B26: 계획곡선의 성격에 대한 유의사항 | C26: 계획곡선_후보 시트의 후보A/B는 마일스톤별 'Discrete WP 개수'의 누적 비율을 기반으로 산정한 것으로, 실제 공수(effort) 가중치가 아닌 산출물 개수 기준의 1차 근사치임. 산출물이 초반 마일스톤(M-Car)에 다수 몰려 있어(요구사항·아키텍처 산출물 집중) 전형적인 대칭 S자보다 초반에 급격히 상승하는 형태로 나타남.
B27: 유지보수 개정 보정(중요) | C27: SW 산출물은 원 마일스톤에서 생성된 뒤 끝나는 것이 아니라 프로젝트 종료 시점까지 지속적으로 개정된다(요구사항 변경, 아키텍처 refinement, 코드 수정 등). 이를 반영하기 위해 '계획곡선_보정' 시트를 추가: 설계/계획형 산출물(Requirement/Architecture/Design/Project Plan/Software Unit 등, WP_상세의 '유지보수반영=Y')은 BAC의 40%를 원 마일스톤에 '최초작성'으로, 나머지 60%를 원 마일스톤부터 SoP까지 잔여 마일스톤에 균등 배분하여 '유지보수 개정'으로 인식. 이 보정을 반영하면 M-Car 비중이 46%→33%로 낮아지고 마일스톤 간 분포가 훨씬 평평해져, 투입인력이 초반에 구성되어 끝까지 유지되는 실제 패턴과 더 부합함. 계획곡선_후보의 '후보 C'가 이 보정을 반영한 베타곡선(α≈0.74, β≈1.41)이며 현재 권장안임. 40%/60% 분할비율 자체도 가정이므로 실적 축적 후 조정 필요(WP_상세의 '최초작성비중(%)' 열에서 개별 조정 가능).
B30: ③ 실적MM/월별 계획 가정
B31: 총 프로젝트 기간(개월) | C31: 12 | D31: 가정 — 실제 프로젝트 일정표 확정 시 교체
B32: 총 투입 규모(MM) | C32: 100 | D32: 가정(라운드넘버 placeholder) — 실제 인력계획(요원별 투입기간) 수립 시 교체
B33: 월별 계획MM 배분 방식 | C33: 균등배분 | D33: 사용자가 언급한 대로 인력이 프로젝트 초반 구성 후 종료까지 유지되는 패턴을 반영해, CA별 총계획MM을 전체 개월 수에 균등 배분(1차 근사). 정교화 시 계획곡선_보정의 마일스톤별 가중치를 월 단위로 환산해 대체 가능.
B34: ACWP-BCWP 독립성 원칙 | D34: 실적MM_입력 시트는 진도율과 무관하게 CAM이 실제 투입한 공수만 입력. EVMS_대시보드에서 WP_상세 진도율(BCWP)과 결합해 SPI/CPI 산출(설계문서 5장 원칙).
B35: ④ 자가평가 워크북 계층 확장 가정
B36: 원본 워크북 미변경 원칙 | D36: 원본 ASpice_selfAssessment_perMilestones_v1.xlsm은 매크로(VBA) 기반 자동재생성 구조라 임의 구조변경 시 매크로가 깨질 위험이 있어 직접 수정하지 않음. 대신 본 워크북에 'SWE34_계층별_채점보충' 시트를 신설해 SWE.3/SWE.4의 BP를 ASW/BSW 계층별로 각자 채점하도록 함. 원본 워크북의 채점기준표(계획수립10/작성40/동료검토20/보고승인20/PM체크10, 등급S~D)를 그대로 복제해 사용.
B37: 향후 정식 확장 필요 | D37: 이 보충 시트는 임시방편이며, 장기적으로는 원본 워크북 자체에 계층(ASW/BSW) 차원을 정식 추가하는 것을 권장(1단계 숙제 항목은 아니었으나 2단계 수행 중 새로 식별된 후속 과제).
B39: ⑤ 노무단가 환산 가정 (MM ↔ 원화 통합)
B40: 노무단가(원/시간) | C40: 50000 | D40: 시간당 50,000원 가정. 이 셀 값을 바꾸면 EVMS_대시보드의 원화환산 전체가 자동 갱신됨.
B41: 1MM당 표준시간(시간) | C41: 160 | D41: 가정(20일×8시간). 실제 표준근로시간 정책에 맞춰 조정 가능(예: 209시간 등).
B42: 노무단가(원/MM, 자동계산) | C42: =C40*C41 -> 8000000 | D42: 노무단가(원/시간) × 1MM당 표준시간. EVMS_대시보드의 모든 원화환산 컬럼이 이 셀을 참조.
B43: 계획·실적 동일 단가 원칙 | D43: BCWS/BCWP(계획·성과)와 ACWP(실적) 환산에 동일한 노무단가를 적용한다. 단가 자체의 변동(임률 차이)은 모델링하지 않으므로, MM 기준 SPI/CPI와 원화 기준 SPI/CPI는 이론상 완전히 같은 값이 된다 — 원가 통합의 목적은 단가 차이 반영이 아니라 현금성 예산과 합산 가능한 공통 단위를 만드는 것이다.
B44: ⑥ 마일스톤 정규화 시점표 (BCWS 계단함수 계산용)
B45: 마일스톤 | C45: 정규화 시점(%)
B46: M-Car | C46: 0.15
B47: Proto | C47: 0.4
B48: P1 | C48: 0.6
B49: P2 | C49: 0.85
B50: SoP | C50: 1
D51: 11장·12장에서 계획곡선 산정에 쓰였던 가정을 여기 정식 셀로 옮겼다. 지금까지는 계산 스크립트 안에만 있던 숫자라 워크북에서 재사용할 수 없었다. 프로젝트예산_현금성의 BCWS 계산이 이 표를 참조한다. 실제 마일스톤 일정이 확정되면 이 표만 고치면 된다.

Sheet 계획곡선_후보
B4: 실측 기준점 (WP개수 누적비율, 마일스톤 시점은 가정)
B5: 마일스톤 | C5: 정규화 시점(t) | D5: 누적 Discrete WP | E5: 누적비율
B6: M-Car | C6: 0.15 | D6: 63 | E6: =D6/$D$10 -> 0.45985401
B7: Proto | C7: 0.4 | D7: 89 | E7: =D7/$D$10 -> 0.64963504
B8: P1 | C8: 0.6 | D8: 119 | E8: =D8/$D$10 -> 0.86861314
B9: P2 | C9: 0.85 | D9: 137 | E9: =D9/$D$10 -> 1
B10: SoP | C10: 1 | D10: 137 | E10: =D10/$D$10 -> 1
B12: 피팅 결과(최소자승)
B13: 후보 A - 산출물개수 실증근사(미보정) | C13: alpha= | D13: 0.527 | E13: beta= | F13: 1.349
B14: 후보 B - 전형적 대칭 S자(대안) | C14: alpha= | D14: 2 | E14: beta= | F14: 2
B15: 후보 C - 유지보수 개정 보정 반영(권장) | C15: alpha= | D15: 0.744 | E15: beta= | F15: 1.408
B17: t(정규화 시점) | C17: 후보A 누적% | D17: 후보B 누적% | E17: 후보C 누적%(권장)
B18: 0 | C18: =BETADIST(0,$D$13,$F$13) -> 0 | D18: =BETADIST(0,$D$14,$F$14) -> 0 | E18: =BETADIST(0,$D$15,$F$15) -> 0
B19: 0.05 | C19: =BETADIST(0.05,$D$13,$F$13) -> 0.24718941 | D19: =BETADIST(0.05,$D$14,$F$14) -> 0.00725 | E19: =BETADIST(0.05,$D$15,$F$15) -> 0.14082757
B20: 0.1 | C20: =BETADIST(0.1,$D$13,$F$13) -> 0.35395761 | D20: =BETADIST(0.1,$D$14,$F$14) -> 0.028 | E20: =BETADIST(0.1,$D$15,$F$15) -> 0.23372777
B21: 0.15 | C21: =BETADIST(0.15,$D$13,$F$13) -> 0.43546516 | D21: =BETADIST(0.15,$D$14,$F$14) -> 0.06075 | E21: =BETADIST(0.15,$D$15,$F$15) -> 0.31308322
B22: 0.2 | C22: =BETADIST(0.2,$D$13,$F$13) -> 0.50340342 | D22: =BETADIST(0.2,$D$14,$F$14) -> 0.104 | E22: =BETADIST(0.2,$D$15,$F$15) -> 0.38408236
B23: 0.25 | C23: =BETADIST(0.25,$D$13,$F$13) -> 0.56236666 | D23: =BETADIST(0.25,$D$14,$F$14) -> 0.15625 | E23: =BETADIST(0.25,$D$15,$F$15) -> 0.44895039
B24: 0.3 | C24: =BETADIST(0.3,$D$13,$F$13) -> 0.61473035 | D24: =BETADIST(0.3,$D$14,$F$14) -> 0.216 | E24: =BETADIST(0.3,$D$15,$F$15) -> 0.50890159
B25: 0.35 | C25: =BETADIST(0.35,$D$13,$F$13) -> 0.66190992 | D25: =BETADIST(0.35,$D$14,$F$14) -> 0.28175 | E25: =BETADIST(0.35,$D$15,$F$15) -> 0.56468443
B26: 0.4 | C26: =BETADIST(0.4,$D$13,$F$13) -> 0.70482504 | D26: =BETADIST(0.4,$D$14,$F$14) -> 0.352 | E26: =BETADIST(0.4,$D$15,$F$15) -> 0.61679341
B27: 0.45 | C27: =BETADIST(0.45,$D$13,$F$13) -> 0.74410799 | D27: =BETADIST(0.45,$D$14,$F$14) -> 0.42525 | E27: =BETADIST(0.45,$D$15,$F$15) -> 0.66556791
B28: 0.5 | C28: =BETADIST(0.5,$D$13,$F$13) -> 0.78020947 | D28: =BETADIST(0.5,$D$14,$F$14) -> 0.5 | E28: =BETADIST(0.5,$D$15,$F$15) -> 0.71124347
B29: 0.55 | C29: =BETADIST(0.55,$D$13,$F$13) -> 0.81345725 | D29: =BETADIST(0.55,$D$14,$F$14) -> 0.57475 | E29: =BETADIST(0.55,$D$15,$F$15) -> 0.75398028
B30: 0.6 | C30: =BETADIST(0.6,$D$13,$F$13) -> 0.84409011 | D30: =BETADIST(0.6,$D$14,$F$14) -> 0.648 | E30: =BETADIST(0.6,$D$15,$F$15) -> 0.79387905
B31: 0.65 | C31: =BETADIST(0.65,$D$13,$F$13) -> 0.87227784 | D31: =BETADIST(0.65,$D$14,$F$14) -> 0.71825 | E31: =BETADIST(0.65,$D$15,$F$15) -> 0.83098888
B32: 0.7 | C32: =BETADIST(0.7,$D$13,$F$13) -> 0.89813195 | D32: =BETADIST(0.7,$D$14,$F$14) -> 0.784 | E32: =BETADIST(0.7,$D$15,$F$15) -> 0.86530891
B33: 0.75 | C33: =BETADIST(0.75,$D$13,$F$13) -> 0.92170898 | D33: =BETADIST(0.75,$D$14,$F$14) -> 0.84375 | E33: =BETADIST(0.75,$D$15,$F$15) -> 0.89678358
B34: 0.8 | C34: =BETADIST(0.8,$D$13,$F$13) -> 0.94300555 | D34: =BETADIST(0.8,$D$14,$F$14) -> 0.896 | E34: =BETADIST(0.8,$D$15,$F$15) -> 0.92528858
B35: 0.85 | C35: =BETADIST(0.85,$D$13,$F$13) -> 0.96194004 | D35: =BETADIST(0.85,$D$14,$F$14) -> 0.93925 | E35: =BETADIST(0.85,$D$15,$F$15) -> 0.95059935
B36: 0.9 | C36: =BETADIST(0.9,$D$13,$F$13) -> 0.97830327 | D36: =BETADIST(0.9,$D$14,$F$14) -> 0.972 | E36: =BETADIST(0.9,$D$15,$F$15) -> 0.97231711
B37: 0.95 | C37: =BETADIST(0.95,$D$13,$F$13) -> 0.99160452 | D37: =BETADIST(0.95,$D$14,$F$14) -> 0.99275 | E37: =BETADIST(0.95,$D$15,$F$15) -> 0.98965051
B38: 1 | C38: =BETADIST(1,$D$13,$F$13) -> 1 | D38: =BETADIST(1,$D$14,$F$14) -> 1 | E38: =BETADIST(1,$D$15,$F$15) -> 1

Sheet 계획곡선_보정
A4: 마일스톤 순서 index (참조용) | B4: M-Car | C4: Proto | D4: P1 | E4: P2 | F4: SoP
B5: 1 | C5: 2 | D5: 3 | E5: 4 | F5: 5
A7: No | B7: CA | C7: WP명 | D7: 목표마일스톤 | E7: 관리방식 | F7: 유지보수 | G7: 최초작성% | H7: M-Car 가중치 | I7: Proto 가중치 | J7: P1 가중치 | K7: P2 가중치 | L7: SoP 가중치
A8: =WP_상세!A5 -> 1 | B8: =WP_상세!B5 -> ACQ.4 | C8: =WP_상세!F5 -> Commitment/Agreement / 공급자 관리 합의서/협약서 | D8: =WP_상세!G5 -> M-Car | E8: =WP_상세!H5 -> Discrete | F8: =WP_상세!I5 -> N | G8: =WP_상세!J5 -> 1 | H8: =IFERROR(IF($E8<>"Discrete",0,IF(1<MATCH($D8,$B$4:$F$4,0),0,IF($F8<>"Y",IF(1=MATCH($D8,$B$4:$F$4,0),1,0),IF(1=MATCH($D8,$B$4:$F$4,0),$G8+(1-$G8)/(5-MATCH($D8,$B$4:$F$4,0)+1),(1-$G8)/(5-MATCH($D8,$B$4:$F$4,0)+1))))),0) -> 1 | I8: =IFERROR(IF($E8<>"Discrete",0,IF(2<MATCH($D8,$B$4:$F$4,0),0,IF($F8<>"Y",IF(2=MATCH($D8,$B$4:$F$4,0),1,0),IF(2=MATCH($D8,$B$4:$F$4,0),$G8+(1-$G8)/(5-MATCH($D8,$B$4:$F$4,0)+1),(1-$G8)/(5-MATCH($D8,$B$4:$F$4,0)+1))))),0) -> 0 | J8: =IFERROR(IF($E8<>"Discrete",0,IF(3<MATCH($D8,$B$4:$F$4,0),0,IF($F8<>"Y",IF(3=MATCH($D8,$B$4:$F$4,0),1,0),IF(3=MATCH($D8,$B$4:$F$4,0),$G8+(1-$G8)/(5-MATCH($D8,$B$4:$F$4,0)+1),(1-$G8)/(5-MATCH($D8,$B$4:$F$4,0)+1))))),0) -> 0 | K8: =IFERROR(IF($E8<>"Discrete",0,IF(4<MATCH($D8,$B$4:$F$4,0),0,IF($F8<>"Y",IF(4=MATCH($D8,$B$4:$F$4,0),1,0),IF(4=MATCH($D8,$B$4:$F$4,0),$G8+(1-$G8)/(5-MATCH($D8,$B$4:$F$4,0)+1),(1-$G8)/(5-MATCH($D8,$B$4:$F$4,0)+1))))),0) -> 0 | L8: =IFERROR(IF($E8<>"Discrete",0,IF(5<MATCH($D8,$B$4:$F$4,0),0,IF($F8<>"Y",IF(5=MATCH($D8,$B$4:$F$4,0),1,0),IF(5=MATCH($D8,$B$4:$F$4,0),$G8+(1-$G8)/(5-MATCH($D8,$B$4:$F$4,0)+1),(1-$G8)/(5-MATCH($D8,$B$4:$F$4,0)+1))))),0) -> 0
A9: =WP_상세!A6 -> 2 | B9: =WP_상세!B6 -> ACQ.4 | C9: =WP_상세!F6 -> Communication Evidence / 공급자 교신/커뮤니케이션 증적 | D9: =WP_상세!G6 -> Proto | E9: =WP_상세!H6 -> Discrete | F9: =WP_상세!I6 -> N | G9: =WP_상세!J6 -> 1 | H9: =IFERROR(IF($E9<>"Discrete",0,IF(1<MATCH($D9,$B$4:$F$4,0),0,IF($F9<>"Y",IF(1=MATCH($D9,$B$4:$F$4,0),1,0),IF(1=MATCH($D9,$B$4:$F$4,0),$G9+(1-$G9)/(5-MATCH($D9,$B$4:$F$4,0)+1),(1-$G9)/(5-MATCH($D9,$B$4:$F$4,0)+1))))),0) -> 0 | I9: =IFERROR(IF($E9<>"Discrete",0,IF(2<MATCH($D9,$B$4:$F$4,0),0,IF($F9<>"Y",IF(2=MATCH($D9,$B$4:$F$4,0),1,0),IF(2=MATCH($D9,$B$4:$F$4,0),$G9+(1-$G9)/(5-MATCH($D9,$B$4:$F$4,0)+1),(1-$G9)/(5-MATCH($D9,$B$4:$F$4,0)+1))))),0) -> 1 | J9: =IFERROR(IF($E9<>"Discrete",0,IF(3<MATCH($D9,$B$4:$F$4,0),0,IF($F9<>"Y",IF(3=MATCH($D9,$B$4:$F$4,0),1,0),IF(3=MATCH($D9,$B$4:$F$4,0),$G9+(1-$G9)/(5-MATCH($D9,$B$4:$F$4,0)+1),(1-$G9)/(5-MATCH($D9,$B$4:$F$4,0)+1))))),0) -> 0 | K9: =IFERROR(IF($E9<>"Discrete",0,IF(4<MATCH($D9,$B$4:$F$4,0),0,IF($F9<>"Y",IF(4=MATCH($D9,$B$4:$F$4,0),1,0),IF(4=MATCH($D9,$B$4:$F$4,0),$G9+(1-$G9)/(5-MATCH($D9,$B$4:$F$4,0)+1),(1-$G9)/(5-MATCH($D9,$B$4:$F$4,0)+1))))),0) -> 0 | L9: =IFERROR(IF($E9<>"Discrete",0,IF(5<MATCH($D9,$B$4:$F$4,0),0,IF($F9<>"Y",IF(5=MATCH($D9,$B$4:$F$4,0),1,0),IF(5=MATCH($D9,$B$4:$F$4,0),$G9+(1-$G9)/(5-MATCH($D9,$B$4:$F$4,0)+1),(1-$G9)/(5-MATCH($D9,$B$4:$F$4,0)+1))))),0) -> 0
A10: =WP_상세!A7 -> 3 | B10: =WP_상세!B7 -> ACQ.4 | C10: =WP_상세!F7 -> Review Evidence / 개발 작업산출물 공동검토 기록 | D10: =WP_상세!G7 -> Proto | E10: =WP_상세!H7 -> LOE | F10: =WP_상세!I7 -> 0 | G10: =WP_상세!J7 -> 0 | H10: =IFERROR(IF($E10<>"Discrete",0,IF(1<MATCH($D10,$B$4:$F$4,0),0,IF($F10<>"Y",IF(1=MATCH($D10,$B$4:$F$4,0),1,0),IF(1=MATCH($D10,$B$4:$F$4,0),$G10+(1-$G10)/(5-MATCH($D10,$B$4:$F$4,0)+1),(1-$G10)/(5-MATCH($D10,$B$4:$F$4,0)+1))))),0) -> 0 | I10: =IFERROR(IF($E10<>"Discrete",0,IF(2<MATCH($D10,$B$4:$F$4,0),0,IF($F10<>"Y",IF(2=MATCH($D10,$B$4:$F$4,0),1,0),IF(2=MATCH($D10,$B$4:$F$4,0),$G10+(1-$G10)/(5-MATCH($D10,$B$4:$F$4,0)+1),(1-$G10)/(5-MATCH($D10,$B$4:$F$4,0)+1))))),0) -> 0 | J10: =IFERROR(IF($E10<>"Discrete",0,IF(3<MATCH($D10,$B$4:$F$4,0),0,IF($F10<>"Y",IF(3=MATCH($D10,$B$4:$F$4,0),1,0),IF(3=MATCH($D10,$B$4:$F$4,0),$G10+(1-$G10)/(5-MATCH($D10,$B$4:$F$4,0)+1),(1-$G10)/(5-MATCH($D10,$B$4:$F$4,0)+1))))),0) -> 0 | K10: =IFERROR(IF($E10<>"Discrete",0,IF(4<MATCH($D10,$B$4:$F$4,0),0,IF($F10<>"Y",IF(4=MATCH($D10,$B$4:$F$4,0),1,0),IF(4=MATCH($D10,$B$4:$F$4,0),$G10+(1-$G10)/(5-MATCH($D10,$B$4:$F$4,0)+1),(1-$G10)/(5-MATCH($D10,$B$4:$F$4,0)+1))))),0) -> 0 | L10: =IFERROR(IF($E10<>"Discrete",0,IF(5<MATCH($D10,$B$4:$F$4,0),0,IF($F10<>"Y",IF(5=MATCH($D10,$B$4:$F$4,0),1,0),IF(5=MATCH($D10,$B$4:$F$4,0),$G10+(1-$G10)/(5-MATCH($D10,$B$4:$F$4,0)+1),(1-$G10)/(5-MATCH($D10,$B$4:$F$4,0)+1))))),0) -> 0
A11: =WP_상세!A8 -> 4 | B11: =WP_상세!B8 -> ACQ.4 | C11: =WP_상세!F8 -> Progress Status / 공급자 진척현황 보고서 | D11: =WP_상세!G8 -> Proto | E11: =WP_상세!H8 -> LOE | F11: =WP_상세!I8 -> 0 | G11: =WP_상세!J8 -> 0 | H11: =IFERROR(IF($E11<>"Discrete",0,IF(1<MATCH($D11,$B$4:$F$4,0),0,IF($F11<>"Y",IF(1=MATCH($D11,$B$4:$F$4,0),1,0),IF(1=MATCH($D11,$B$4:$F$4,0),$G11+(1-$G11)/(5-MATCH($D11,$B$4:$F$4,0)+1),(1-$G11)/(5-MATCH($D11,$B$4:$F$4,0)+1))))),0) -> 0 | I11: =IFERROR(IF($E11<>"Discrete",0,IF(2<MATCH($D11,$B$4:$F$4,0),0,IF($F11<>"Y",IF(2=MATCH($D11,$B$4:$F$4,0),1,0),IF(2=MATCH($D11,$B$4:$F$4,0),$G11+(1-$G11)/(5-MATCH($D11,$B$4:$F$4,0)+1),(1-$G11)/(5-MATCH($D11,$B$4:$F$4,0)+1))))),0) -> 0 | J11: =IFERROR(IF($E11<>"Discrete",0,IF(3<MATCH($D11,$B$4:$F$4,0),0,IF($F11<>"Y",IF(3=MATCH($D11,$B$4:$F$4,0),1,0),IF(3=MATCH($D11,$B$4:$F$4,0),$G11+(1-$G11)/(5-MATCH($D11,$B$4:$F$4,0)+1),(1-$G11)/(5-MATCH($D11,$B$4:$F$4,0)+1))))),0) -> 0 | K11: =IFERROR(IF($E11<>"Discrete",0,IF(4<MATCH($D11,$B$4:$F$4,0),0,IF($F11<>"Y",IF(4=MATCH($D11,$B$4:$F$4,0),1,0),IF(4=MATCH($D11,$B$4:$F$4,0),$G11+(1-$G11)/(5-MATCH($D11,$B$4:$F$4,0)+1),(1-$G11)/(5-MATCH($D11,$B$4:$F$4,0)+1))))),0) -> 0 | L11: =IFERROR(IF($E11<>"Discrete",0,IF(5<MATCH($D11,$B$4:$F$4,0),0,IF($F11<>"Y",IF(5=MATCH($D11,$B$4:$F$4,0),1,0),IF(5=MATCH($D11,$B$4:$F$4,0),$G11+(1-$G11)/(5-MATCH($D11,$B$4:$F$4,0)+1),(1-$G11)/(5-MATCH($D11,$B$4:$F$4,0)+1))))),0) -> 0
A12: =WP_상세!A9 -> 5 | B12: =WP_상세!B9 -> ACQ.4 | C12: =WP_상세!F9 -> Corrective Action / 시정조치 기록서 | D12: =WP_상세!G9 -> P1 | E12: =WP_상세!H9 -> LOE | F12: =WP_상세!I9 -> 0 | G12: =WP_상세!J9 -> 0 | H12: =IFERROR(IF($E12<>"Discrete",0,IF(1<MATCH($D12,$B$4:$F$4,0),0,IF($F12<>"Y",IF(1=MATCH($D12,$B$4:$F$4,0),1,0),IF(1=MATCH($D12,$B$4:$F$4,0),$G12+(1-$G12)/(5-MATCH($D12,$B$4:$F$4,0)+1),(1-$G12)/(5-MATCH($D12,$B$4:$F$4,0)+1))))),0) -> 0 | I12: =IFERROR(IF($E12<>"Discrete",0,IF(2<MATCH($D12,$B$4:$F$4,0),0,IF($F12<>"Y",IF(2=MATCH($D12,$B$4:$F$4,0),1,0),IF(2=MATCH($D12,$B$4:$F$4,0),$G12+(1-$G12)/(5-MATCH($D12,$B$4:$F$4,0)+1),(1-$G12)/(5-MATCH($D12,$B$4:$F$4,0)+1))))),0) -> 0 | J12: =IFERROR(IF($E12<>"Discrete",0,IF(3<MATCH($D12,$B$4:$F$4,0),0,IF($F12<>"Y",IF(3=MATCH($D12,$B$4:$F$4,0),1,0),IF(3=MATCH($D12,$B$4:$F$4,0),$G12+(1-$G12)/(5-MATCH($D12,$B$4:$F$4,0)+1),(1-$G12)/(5-MATCH($D12,$B$4:$F$4,0)+1))))),0) -> 0 | K12: =IFERROR(IF($E12<>"Discrete",0,IF(4<MATCH($D12,$B$4:$F$4,0),0,IF($F12<>"Y",IF(4=MATCH($D12,$B$4:$F$4,0),1,0),IF(4=MATCH($D12,$B$4:$F$4,0),$G12+(1-$G12)/(5-MATCH($D12,$B$4:$F$4,0)+1),(1-$G12)/(5-MATCH($D12,$B$4:$F$4,0)+1))))),0) -> 0 | L12: =IFERROR(IF($E12<>"Discrete",0,IF(5<MATCH($D12,$B$4:$F$4,0),0,IF($F12<>"Y",IF(5=MATCH($D12,$B$4:$F$4,0),1,0),IF(5=MATCH($D12,$B$4:$F$4,0),$G12+(1-$G12)/(5-MATCH($D12,$B$4:$F$4,0)+1),(1-$G12)/(5-MATCH($D12,$B$4:$F$4,0)+1))))),0) -> 0
A13: =WP_상세!A10 -> 6 | B13: =WP_상세!B10 -> SPL.2 | C13: =WP_상세!F10 -> Product Release Criteria / 릴리스 기능내용/기준 정의서 | D13: =WP_상세!G10 -> 릴리즈이력 참조 | E13: =WP_상세!H10 -> Discrete | F13: =WP_상세!I10 -> 0 | G13: =WP_상세!J10 -> 0 | H13: =IFERROR(IF($E13<>"Discrete",0,IF(1<MATCH($D13,$B$4:$F$4,0),0,IF($F13<>"Y",IF(1=MATCH($D13,$B$4:$F$4,0),1,0),IF(1=MATCH($D13,$B$4:$F$4,0),$G13+(1-$G13)/(5-MATCH($D13,$B$4:$F$4,0)+1),(1-$G13)/(5-MATCH($D13,$B$4:$F$4,0)+1))))),0) -> 0 | I13: =IFERROR(IF($E13<>"Discrete",0,IF(2<MATCH($D13,$B$4:$F$4,0),0,IF($F13<>"Y",IF(2=MATCH($D13,$B$4:$F$4,0),1,0),IF(2=MATCH($D13,$B$4:$F$4,0),$G13+(1-$G13)/(5-MATCH($D13,$B$4:$F$4,0)+1),(1-$G13)/(5-MATCH($D13,$B$4:$F$4,0)+1))))),0) -> 0 | J13: =IFERROR(IF($E13<>"Discrete",0,IF(3<MATCH($D13,$B$4:$F$4,0),0,IF($F13<>"Y",IF(3=MATCH($D13,$B$4:$F$4,0),1,0),IF(3=MATCH($D13,$B$4:$F$4,0),$G13+(1-$G13)/(5-MATCH($D13,$B$4:$F$4,0)+1),(1-$G13)/(5-MATCH($D13,$B$4:$F$4,0)+1))))),0) -> 0 | K13: =IFERROR(IF($E13<>"Discrete",0,IF(4<MATCH($D13,$B$4:$F$4,0),0,IF($F13<>"Y",IF(4=MATCH($D13,$B$4:$F$4,0),1,0),IF(4=MATCH($D13,$B$4:$F$4,0),$G13+(1-$G13)/(5-MATCH($D13,$B$4:$F$4,0)+1),(1-$G13)/(5-MATCH($D13,$B$4:$F$4,0)+1))))),0) -> 0 | L13: =IFERROR(IF($E13<>"Discrete",0,IF(5<MATCH($D13,$B$4:$F$4,0),0,IF($F13<>"Y",IF(5=MATCH($D13,$B$4:$F$4,0),1,0),IF(5=MATCH($D13,$B$4:$F$4,0),$G13+(1-$G13)/(5-MATCH($D13,$B$4:$F$4,0)+1),(1-$G13)/(5-MATCH($D13,$B$4:$F$4,0)+1))))),0) -> 0
A14: =WP_상세!A11 -> 7 | B14: =WP_상세!B11 -> SPL.2 | C14: =WP_상세!F11 -> Product Release Criteria / 릴리스 패키지 정의서 | D14: =WP_상세!G11 -> 릴리즈이력 참조 | E14: =WP_상세!H11 -> Discrete | F14: =WP_상세!I11 -> 0 | G14: =WP_상세!J11 -> 0 | H14: =IFERROR(IF($E14<>"Discrete",0,IF(1<MATCH($D14,$B$4:$F$4,0),0,IF($F14<>"Y",IF(1=MATCH($D14,$B$4:$F$4,0),1,0),IF(1=MATCH($D14,$B$4:$F$4,0),$G14+(1-$G14)/(5-MATCH($D14,$B$4:$F$4,0)+1),(1-$G14)/(5-MATCH($D14,$B$4:$F$4,0)+1))))),0) -> 0 | I14: =IFERROR(IF($E14<>"Discrete",0,IF(2<MATCH($D14,$B$4:$F$4,0),0,IF($F14<>"Y",IF(2=MATCH($D14,$B$4:$F$4,0),1,0),IF(2=MATCH($D14,$B$4:$F$4,0),$G14+(1-$G14)/(5-MATCH($D14,$B$4:$F$4,0)+1),(1-$G14)/(5-MATCH($D14,$B$4:$F$4,0)+1))))),0) -> 0 | J14: =IFERROR(IF($E14<>"Discrete",0,IF(3<MATCH($D14,$B$4:$F$4,0),0,IF($F14<>"Y",IF(3=MATCH($D14,$B$4:$F$4,0),1,0),IF(3=MATCH($D14,$B$4:$F$4,0),$G14+(1-$G14)/(5-MATCH($D14,$B$4:$F$4,0)+1),(1-$G14)/(5-MATCH($D14,$B$4:$F$4,0)+1))))),0) -> 0 | K14: =IFERROR(IF($E14<>"Discrete",0,IF(4<MATCH($D14,$B$4:$F$4,0),0,IF($F14<>"Y",IF(4=MATCH($D14,$B$4:$F$4,0),1,0),IF(4=MATCH($D14,$B$4:$F$4,0),$G14+(1-$G14)/(5-MATCH($D14,$B$4:$F$4,0)+1),(1-$G14)/(5-MATCH($D14,$B$4:$F$4,0)+1))))),0) -> 0 | L14: =IFERROR(IF($E14<>"Discrete",0,IF(5<MATCH($D14,$B$4:$F$4,0),0,IF($F14<>"Y",IF(5=MATCH($D14,$B$4:$F$4,0),1,0),IF(5=MATCH($D14,$B$4:$F$4,0),$G14+(1-$G14)/(5-MATCH($D14,$B$4:$F$4,0)+1),(1-$G14)/(5-MATCH($D14,$B$4:$F$4,0)+1))))),0) -> 0
A15: =WP_상세!A12 -> 8 | B15: =WP_상세!B12 -> SPL.2 | C15: =WP_상세!F12 -> Release Note / 릴리스 고유식별/번호체계 문서(릴리스 노트 내 포함) | D15: =WP_상세!G12 -> 릴리즈이력 참조 | E15: =WP_상세!H12 -> Discrete | F15: =WP_상세!I12 -> 0 | G15: =WP_상세!J12 -> 0 | H15: =IFERROR(IF($E15<>"Discrete",0,IF(1<MATCH($D15,$B$4:$F$4,0),0,IF($F15<>"Y",IF(1=MATCH($D15,$B$4:$F$4,0),1,0),IF(1=MATCH($D15,$B$4:$F$4,0),$G15+(1-$G15)/(5-MATCH($D15,$B$4:$F$4,0)+1),(1-$G15)/(5-MATCH($D15,$B$4:$F$4,0)+1))))),0) -> 0 | I15: =IFERROR(IF($E15<>"Discrete",0,IF(2<MATCH($D15,$B$4:$F$4,0),0,IF($F15<>"Y",IF(2=MATCH($D15,$B$4:$F$4,0),1,0),IF(2=MATCH($D15,$B$4:$F$4,0),$G15+(1-$G15)/(5-MATCH($D15,$B$4:$F$4,0)+1),(1-$G15)/(5-MATCH($D15,$B$4:$F$4,0)+1))))),0) -> 0 | J15: =IFERROR(IF($E15<>"Discrete",0,IF(3<MATCH($D15,$B$4:$F$4,0),0,IF($F15<>"Y",IF(3=MATCH($D15,$B$4:$F$4,0),1,0),IF(3=MATCH($D15,$B$4:$F$4,0),$G15+(1-$G15)/(5-MATCH($D15,$B$4:$F$4,0)+1),(1-$G15)/(5-MATCH($D15,$B$4:$F$4,0)+1))))),0) -> 0 | K15: =IFERROR(IF($E15<>"Discrete",0,IF(4<MATCH($D15,$B$4:$F$4,0),0,IF($F15<>"Y",IF(4=MATCH($D15,$B$4:$F$4,0),1,0),IF(4=MATCH($D15,$B$4:$F$4,0),$G15+(1-$G15)/(5-MATCH($D15,$B$4:$F$4,0)+1),(1-$G15)/(5-MATCH($D15,$B$4:$F$4,0)+1))))),0) -> 0 | L15: =IFERROR(IF($E15<>"Discrete",0,IF(5<MATCH($D15,$B$4:$F$4,0),0,IF($F15<>"Y",IF(5=MATCH($D15,$B$4:$F$4,0),1,0),IF(5=MATCH($D15,$B$4:$F$4,0),$G15+(1-$G15)/(5-MATCH($D15,$B$4:$F$4,0)+1),(1-$G15)/(5-MATCH($D15,$B$4:$F$4,0)+1))))),0) -> 0
A16: =WP_상세!A13 -> 9 | B16: =WP_상세!B13 -> SPL.2 | C16: =WP_상세!F13 -> Product Release Package / 릴리스 패키지(형상통제 항목 기반 빌드) | D16: =WP_상세!G13 -> 릴리즈이력 참조 | E16: =WP_상세!H13 -> Discrete | F16: =WP_상세!I13 -> 0 | G16: =WP_상세!J13 -> 0 | H16: =IFERROR(IF($E16<>"Discrete",0,IF(1<MATCH($D16,$B$4:$F$4,0),0,IF($F16<>"Y",IF(1=MATCH($D16,$B$4:$F$4,0),1,0),IF(1=MATCH($D16,$B$4:$F$4,0),$G16+(1-$G16)/(5-MATCH($D16,$B$4:$F$4,0)+1),(1-$G16)/(5-MATCH($D16,$B$4:$F$4,0)+1))))),0) -> 0 | I16: =IFERROR(IF($E16<>"Discrete",0,IF(2<MATCH($D16,$B$4:$F$4,0),0,IF($F16<>"Y",IF(2=MATCH($D16,$B$4:$F$4,0),1,0),IF(2=MATCH($D16,$B$4:$F$4,0),$G16+(1-$G16)/(5-MATCH($D16,$B$4:$F$4,0)+1),(1-$G16)/(5-MATCH($D16,$B$4:$F$4,0)+1))))),0) -> 0 | J16: =IFERROR(IF($E16<>"Discrete",0,IF(3<MATCH($D16,$B$4:$F$4,0),0,IF($F16<>"Y",IF(3=MATCH($D16,$B$4:$F$4,0),1,0),IF(3=MATCH($D16,$B$4:$F$4,0),$G16+(1-$G16)/(5-MATCH($D16,$B$4:$F$4,0)+1),(1-$G16)/(5-MATCH($D16,$B$4:$F$4,0)+1))))),0) -> 0 | K16: =IFERROR(IF($E16<>"Discrete",0,IF(4<MATCH($D16,$B$4:$F$4,0),0,IF($F16<>"Y",IF(4=MATCH($D16,$B$4:$F$4,0),1,0),IF(4=MATCH($D16,$B$4:$F$4,0),$G16+(1-$G16)/(5-MATCH($D16,$B$4:$F$4,0)+1),(1-$G16)/(5-MATCH($D16,$B$4:$F$4,0)+1))))),0) -> 0 | L16: =IFERROR(IF($E16<>"Discrete",0,IF(5<MATCH($D16,$B$4:$F$4,0),0,IF($F16<>"Y",IF(5=MATCH($D16,$B$4:$F$4,0),1,0),IF(5=MATCH($D16,$B$4:$F$4,0),$G16+(1-$G16)/(5-MATCH($D16,$B$4:$F$4,0)+1),(1-$G16)/(5-MATCH($D16,$B$4:$F$4,0)+1))))),0) -> 0
A17: =WP_상세!A14 -> 10 | B17: =WP_상세!B14 -> SPL.2 | C17: =WP_상세!F14 -> Product Release Approval / 릴리스 승인서 | D17: =WP_상세!G14 -> 릴리즈이력 참조 | E17: =WP_상세!H14 -> Discrete | F17: =WP_상세!I14 -> 0 | G17: =WP_상세!J14 -> 0 | H17: =IFERROR(IF($E17<>"Discrete",0,IF(1<MATCH($D17,$B$4:$F$4,0),0,IF($F17<>"Y",IF(1=MATCH($D17,$B$4:$F$4,0),1,0),IF(1=MATCH($D17,$B$4:$F$4,0),$G17+(1-$G17)/(5-MATCH($D17,$B$4:$F$4,0)+1),(1-$G17)/(5-MATCH($D17,$B$4:$F$4,0)+1))))),0) -> 0 | I17: =IFERROR(IF($E17<>"Discrete",0,IF(2<MATCH($D17,$B$4:$F$4,0),0,IF($F17<>"Y",IF(2=MATCH($D17,$B$4:$F$4,0),1,0),IF(2=MATCH($D17,$B$4:$F$4,0),$G17+(1-$G17)/(5-MATCH($D17,$B$4:$F$4,0)+1),(1-$G17)/(5-MATCH($D17,$B$4:$F$4,0)+1))))),0) -> 0 | J17: =IFERROR(IF($E17<>"Discrete",0,IF(3<MATCH($D17,$B$4:$F$4,0),0,IF($F17<>"Y",IF(3=MATCH($D17,$B$4:$F$4,0),1,0),IF(3=MATCH($D17,$B$4:$F$4,0),$G17+(1-$G17)/(5-MATCH($D17,$B$4:$F$4,0)+1),(1-$G17)/(5-MATCH($D17,$B$4:$F$4,0)+1))))),0) -> 0 | K17: =IFERROR(IF($E17<>"Discrete",0,IF(4<MATCH($D17,$B$4:$F$4,0),0,IF($F17<>"Y",IF(4=MATCH($D17,$B$4:$F$4,0),1,0),IF(4=MATCH($D17,$B$4:$F$4,0),$G17+(1-$G17)/(5-MATCH($D17,$B$4:$F$4,0)+1),(1-$G17)/(5-MATCH($D17,$B$4:$F$4,0)+1))))),0) -> 0 | L17: =IFERROR(IF($E17<>"Discrete",0,IF(5<MATCH($D17,$B$4:$F$4,0),0,IF($F17<>"Y",IF(5=MATCH($D17,$B$4:$F$4,0),1,0),IF(5=MATCH($D17,$B$4:$F$4,0),$G17+(1-$G17)/(5-MATCH($D17,$B$4:$F$4,0)+1),(1-$G17)/(5-MATCH($D17,$B$4:$F$4,0)+1))))),0) -> 0
A18: =WP_상세!A15 -> 11 | B18: =WP_상세!B15 -> SPL.2 | C18: =WP_상세!F15 -> Release Note / 릴리스 노트 | D18: =WP_상세!G15 -> 릴리즈이력 참조 | E18: =WP_상세!H15 -> Discrete | F18: =WP_상세!I15 -> 0 | G18: =WP_상세!J15 -> 0 | H18: =IFERROR(IF($E18<>"Discrete",0,IF(1<MATCH($D18,$B$4:$F$4,0),0,IF($F18<>"Y",IF(1=MATCH($D18,$B$4:$F$4,0),1,0),IF(1=MATCH($D18,$B$4:$F$4,0),$G18+(1-$G18)/(5-MATCH($D18,$B$4:$F$4,0)+1),(1-$G18)/(5-MATCH($D18,$B$4:$F$4,0)+1))))),0) -> 0 | I18: =IFERROR(IF($E18<>"Discrete",0,IF(2<MATCH($D18,$B$4:$F$4,0),0,IF($F18<>"Y",IF(2=MATCH($D18,$B$4:$F$4,0),1,0),IF(2=MATCH($D18,$B$4:$F$4,0),$G18+(1-$G18)/(5-MATCH($D18,$B$4:$F$4,0)+1),(1-$G18)/(5-MATCH($D18,$B$4:$F$4,0)+1))))),0) -> 0 | J18: =IFERROR(IF($E18<>"Discrete",0,IF(3<MATCH($D18,$B$4:$F$4,0),0,IF($F18<>"Y",IF(3=MATCH($D18,$B$4:$F$4,0),1,0),IF(3=MATCH($D18,$B$4:$F$4,0),$G18+(1-$G18)/(5-MATCH($D18,$B$4:$F$4,0)+1),(1-$G18)/(5-MATCH($D18,$B$4:$F$4,0)+1))))),0) -> 0 | K18: =IFERROR(IF($E18<>"Discrete",0,IF(4<MATCH($D18,$B$4:$F$4,0),0,IF($F18<>"Y",IF(4=MATCH($D18,$B$4:$F$4,0),1,0),IF(4=MATCH($D18,$B$4:$F$4,0),$G18+(1-$G18)/(5-MATCH($D18,$B$4:$F$4,0)+1),(1-$G18)/(5-MATCH($D18,$B$4:$F$4,0)+1))))),0) -> 0 | L18: =IFERROR(IF($E18<>"Discrete",0,IF(5<MATCH($D18,$B$4:$F$4,0),0,IF($F18<>"Y",IF(5=MATCH($D18,$B$4:$F$4,0),1,0),IF(5=MATCH($D18,$B$4:$F$4,0),$G18+(1-$G18)/(5-MATCH($D18,$B$4:$F$4,0)+1),(1-$G18)/(5-MATCH($D18,$B$4:$F$4,0)+1))))),0) -> 0
A19: =WP_상세!A16 -> 12 | B19: =WP_상세!B16 -> SPL.2 | C19: =WP_상세!F16 -> Release Note / 릴리스 지원유형/수준/기간 안내서(릴리스 노트 내 포함) | D19: =WP_상세!G16 -> 릴리즈이력 참조 | E19: =WP_상세!H16 -> Discrete | F19: =WP_상세!I16 -> 0 | G19: =WP_상세!J16 -> 0 | H19: =IFERROR(IF($E19<>"Discrete",0,IF(1<MATCH($D19,$B$4:$F$4,0),0,IF($F19<>"Y",IF(1=MATCH($D19,$B$4:$F$4,0),1,0),IF(1=MATCH($D19,$B$4:$F$4,0),$G19+(1-$G19)/(5-MATCH($D19,$B$4:$F$4,0)+1),(1-$G19)/(5-MATCH($D19,$B$4:$F$4,0)+1))))),0) -> 0 | I19: =IFERROR(IF($E19<>"Discrete",0,IF(2<MATCH($D19,$B$4:$F$4,0),0,IF($F19<>"Y",IF(2=MATCH($D19,$B$4:$F$4,0),1,0),IF(2=MATCH($D19,$B$4:$F$4,0),$G19+(1-$G19)/(5-MATCH($D19,$B$4:$F$4,0)+1),(1-$G19)/(5-MATCH($D19,$B$4:$F$4,0)+1))))),0) -> 0 | J19: =IFERROR(IF($E19<>"Discrete",0,IF(3<MATCH($D19,$B$4:$F$4,0),0,IF($F19<>"Y",IF(3=MATCH($D19,$B$4:$F$4,0),1,0),IF(3=MATCH($D19,$B$4:$F$4,0),$G19+(1-$G19)/(5-MATCH($D19,$B$4:$F$4,0)+1),(1-$G19)/(5-MATCH($D19,$B$4:$F$4,0)+1))))),0) -> 0 | K19: =IFERROR(IF($E19<>"Discrete",0,IF(4<MATCH($D19,$B$4:$F$4,0),0,IF($F19<>"Y",IF(4=MATCH($D19,$B$4:$F$4,0),1,0),IF(4=MATCH($D19,$B$4:$F$4,0),$G19+(1-$G19)/(5-MATCH($D19,$B$4:$F$4,0)+1),(1-$G19)/(5-MATCH($D19,$B$4:$F$4,0)+1))))),0) -> 0 | L19: =IFERROR(IF($E19<>"Discrete",0,IF(5<MATCH($D19,$B$4:$F$4,0),0,IF($F19<>"Y",IF(5=MATCH($D19,$B$4:$F$4,0),1,0),IF(5=MATCH($D19,$B$4:$F$4,0),$G19+(1-$G19)/(5-MATCH($D19,$B$4:$F$4,0)+1),(1-$G19)/(5-MATCH($D19,$B$4:$F$4,0)+1))))),0) -> 0
... A182: =WP_상세!A179 -> 175 | B182: =WP_상세!B179 -> HWE.4 | C182: =WP_상세!F179 -> Communication Evidence / HW요구사항검증 결과 요약보고서 | D182: =WP_상세!G179 -> P2 | E182: =WP_상세!H179 -> Discrete | F182: =WP_상세!I179 -> N | G182: =WP_상세!J179 -> 1 | H182: =IFERROR(IF($E182<>"Discrete",0,IF(1<MATCH($D182,$B$4:$F$4,0),0,IF($F182<>"Y",IF(1=MATCH($D182,$B$4:$F$4,0),1,0),IF(1=MATCH($D182,$B$4:$F$4,0),$G182+(1-$G182)/(5-MATCH($D182,$B$4:$F$4,0)+1),(1-$G182)/(5-MATCH($D182,$B$4:$F$4,0)+1))))),0) -> 0 | I182: =IFERROR(IF($E182<>"Discrete",0,IF(2<MATCH($D182,$B$4:$F$4,0),0,IF($F182<>"Y",IF(2=MATCH($D182,$B$4:$F$4,0),1,0),IF(2=MATCH($D182,$B$4:$F$4,0),$G182+(1-$G182)/(5-MATCH($D182,$B$4:$F$4,0)+1),(1-$G182)/(5-MATCH($D182,$B$4:$F$4,0)+1))))),0) -> 0 | J182: =IFERROR(IF($E182<>"Discrete",0,IF(3<MATCH($D182,$B$4:$F$4,0),0,IF($F182<>"Y",IF(3=MATCH($D182,$B$4:$F$4,0),1,0),IF(3=MATCH($D182,$B$4:$F$4,0),$G182+(1-$G182)/(5-MATCH($D182,$B$4:$F$4,0)+1),(1-$G182)/(5-MATCH($D182,$B$4:$F$4,0)+1))))),0) -> 0 | K182: =IFERROR(IF($E182<>"Discrete",0,IF(4<MATCH($D182,$B$4:$F$4,0),0,IF($F182<>"Y",IF(4=MATCH($D182,$B$4:$F$4,0),1,0),IF(4=MATCH($D182,$B$4:$F$4,0),$G182+(1-$G182)/(5-MATCH($D182,$B$4:$F$4,0)+1),(1-$G182)/(5-MATCH($D182,$B$4:$F$4,0)+1))))),0) -> 1 | L182: =IFERROR(IF($E182<>"Discrete",0,IF(5<MATCH($D182,$B$4:$F$4,0),0,IF($F182<>"Y",IF(5=MATCH($D182,$B$4:$F$4,0),1,0),IF(5=MATCH($D182,$B$4:$F$4,0),$G182+(1-$G182)/(5-MATCH($D182,$B$4:$F$4,0)+1),(1-$G182)/(5-MATCH($D182,$B$4:$F$4,0)+1))))),0) -> 0
C184: 마일스톤별 보정 가중치 합계 | H184: =SUM(H8:H182) -> 48.12 | I184: =SUM(I8:I182) -> 36.02 | J184: =SUM(J8:J182) -> 33.62 | K184: =SUM(K8:K182) -> 22.62 | L184: =SUM(L8:L182) -> 4.62
C185: 누적비율(보정) | H185: =SUM($H$184:H184)/SUM($H$184:$L$184) -> 0.33186207 | I185: =SUM($H$184:I184)/SUM($H$184:$L$184) -> 0.58027586 | J185: =SUM($H$184:J184)/SUM($H$184:$L$184) -> 0.81213793 | K185: =SUM($H$184:K184)/SUM($H$184:$L$184) -> 0.96813793 | L185: =SUM($H$184:L184)/SUM($H$184:$L$184) -> 1
C186: 누적비율(원래, 미보정) | H186: 0.45985401 | I186: 0.64963504 | J186: 0.86861314 | K186: 1 | L186: 1

Sheet 실적MM_입력
A4: CA No | B4: Process | C4: CA명 | D4: 카테고리 | E4: 총계획MM | F4: M1 계획 | G4: M2 계획 | H4: M3 계획 | I4: M4 계획 | J4: M5 계획 | K4: M6 계획 | L4: M7 계획 | M4: M8 계획 | N4: M9 계획 | O4: M10 계획 | P4: M11 계획 | Q4: M12 계획 | R4: M1 실적 | S4: M2 실적 | T4: M3 실적 | U4: M4 실적 | V4: M5 실적 | W4: M6 실적 | X4: M7 실적 | Y4: M8 실적 | Z4: M9 실적 | AA4: M10 실적 | AB4: M11 실적 | AC4: M12 실적 | AD4: 실적합계 | AE4: 계획대비(%)
A5: 1 | B5: ACQ.4 | C5: =CA_개요!C5 -> 협약/공급자 모니터링 | D5: =CA_개요!E5 -> 조달 | E5: =가정!$C$32*CA_개요!H5 -> 8 | F5: =$E5/가정!$C$31 -> 0.66666667 | G5: =$E5/가정!$C$31 -> 0.66666667 | H5: =$E5/가정!$C$31 -> 0.66666667 | I5: =$E5/가정!$C$31 -> 0.66666667 | J5: =$E5/가정!$C$31 -> 0.66666667 | K5: =$E5/가정!$C$31 -> 0.66666667 | L5: =$E5/가정!$C$31 -> 0.66666667 | M5: =$E5/가정!$C$31 -> 0.66666667 | ... Q5: =$E5/가정!$C$31 -> 0.66666667 | R5: =F5*0.96 -> 0.64 | S5: =G5*0.96 -> 0.64 | T5: =H5*0.96 -> 0.64 | U5: =I5*0.96 -> 0.64 | V5: =J5*0.96 -> 0.64 | AD5: =SUM(R5:AC5) -> 3.2 | AE5: =IFERROR(AD5/$E5,0) -> 0.4
A6: 2 | B6: SPL.2 | C6: =CA_개요!C6 -> 제품 릴리스 관리 | D6: =CA_개요!E6 -> 릴리스 | E6: =가정!$C$32*CA_개요!H6 -> 4 | F6: =$E6/가정!$C$31 -> 0.33333333 | G6: =$E6/가정!$C$31 -> 0.33333333 | H6: =$E6/가정!$C$31 -> 0.33333333 | I6: =$E6/가정!$C$31 -> 0.33333333 | J6: =$E6/가정!$C$31 -> 0.33333333 | K6: =$E6/가정!$C$31 -> 0.33333333 | L6: =$E6/가정!$C$31 -> 0.33333333 | M6: =$E6/가정!$C$31 -> 0.33333333 | ... Q6: =$E6/가정!$C$31 -> 0.33333333 | R6: =F6*0.96 -> 0.32 | S6: =G6*0.96 -> 0.32 | T6: =H6*0.96 -> 0.32 | U6: =I6*0.96 -> 0.32 | V6: =J6*0.96 -> 0.32 | AD6: =SUM(R6:AC6) -> 1.6 | AE6: =IFERROR(AD6/$E6,0) -> 0.4
A7: 3 | B7: MAN.3 | C7: =CA_개요!C7 -> 프로젝트 관리 | D7: =CA_개요!E7 -> 관리/LOE | E7: =가정!$C$32*CA_개요!H7 -> 4.7368421 | F7: =$E7/가정!$C$31 -> 0.39473684 | G7: =$E7/가정!$C$31 -> 0.39473684 | H7: =$E7/가정!$C$31 -> 0.39473684 | I7: =$E7/가정!$C$31 -> 0.39473684 | J7: =$E7/가정!$C$31 -> 0.39473684 | K7: =$E7/가정!$C$31 -> 0.39473684 | L7: =$E7/가정!$C$31 -> 0.39473684 | M7: =$E7/가정!$C$31 -> 0.39473684 | ... Q7: =$E7/가정!$C$31 -> 0.39473684 | R7: =F7*0.97 -> 0.38289474 | S7: =G7*0.97 -> 0.38289474 | T7: =H7*0.97 -> 0.38289474 | U7: =I7*0.97 -> 0.38289474 | V7: =J7*0.97 -> 0.38289474 | AD7: =SUM(R7:AC7) -> 1.9144737 | AE7: =IFERROR(AD7/$E7,0) -> 0.40416667
A8: 4 | B8: SUP.1 | C8: =CA_개요!C8 -> 품질보증(QA) | D8: =CA_개요!E8 -> 관리/LOE | E8: =가정!$C$32*CA_개요!H8 -> 3.3157895 | F8: =$E8/가정!$C$31 -> 0.27631579 | G8: =$E8/가정!$C$31 -> 0.27631579 | H8: =$E8/가정!$C$31 -> 0.27631579 | I8: =$E8/가정!$C$31 -> 0.27631579 | J8: =$E8/가정!$C$31 -> 0.27631579 | K8: =$E8/가정!$C$31 -> 0.27631579 | L8: =$E8/가정!$C$31 -> 0.27631579 | M8: =$E8/가정!$C$31 -> 0.27631579 | ... Q8: =$E8/가정!$C$31 -> 0.27631579 | R8: =F8*0.95 -> 0.2625 | S8: =G8*0.95 -> 0.2625 | T8: =H8*0.95 -> 0.2625 | U8: =I8*0.95 -> 0.2625 | V8: =J8*0.95 -> 0.2625 | AD8: =SUM(R8:AC8) -> 1.3125 | AE8: =IFERROR(AD8/$E8,0) -> 0.39583333
A9: 5 | B9: SUP.8 | C9: =CA_개요!C9 -> 형상관리(CM) | D9: =CA_개요!E9 -> 관리/LOE | E9: =가정!$C$32*CA_개요!H9 -> 3.7894737 | F9: =$E9/가정!$C$31 -> 0.31578947 | G9: =$E9/가정!$C$31 -> 0.31578947 | H9: =$E9/가정!$C$31 -> 0.31578947 | I9: =$E9/가정!$C$31 -> 0.31578947 | J9: =$E9/가정!$C$31 -> 0.31578947 | K9: =$E9/가정!$C$31 -> 0.31578947 | L9: =$E9/가정!$C$31 -> 0.31578947 | M9: =$E9/가정!$C$31 -> 0.31578947 | ... Q9: =$E9/가정!$C$31 -> 0.31578947 | R9: =F9*0.95 -> 0.3 | S9: =G9*0.95 -> 0.3 | T9: =H9*0.95 -> 0.3 | U9: =I9*0.95 -> 0.3 | V9: =J9*0.95 -> 0.3 | AD9: =SUM(R9:AC9) -> 1.5 | AE9: =IFERROR(AD9/$E9,0) -> 0.39583333
A10: 6 | B10: SUP.9 | C10: =CA_개요!C10 -> 문제해결관리 | D10: =CA_개요!E10 -> 관리/LOE | E10: =가정!$C$32*CA_개요!H10 -> 3.3157895 | F10: =$E10/가정!$C$31 -> 0.27631579 | G10: =$E10/가정!$C$31 -> 0.27631579 | H10: =$E10/가정!$C$31 -> 0.27631579 | I10: =$E10/가정!$C$31 -> 0.27631579 | J10: =$E10/가정!$C$31 -> 0.27631579 | K10: =$E10/가정!$C$31 -> 0.27631579 | L10: =$E10/가정!$C$31 -> 0.27631579 | M10: =$E10/가정!$C$31 -> 0.27631579 | ... Q10: =$E10/가정!$C$31 -> 0.27631579 | R10: =F10*0.95 -> 0.2625 | S10: =G10*0.95 -> 0.2625 | T10: =H10*0.95 -> 0.2625 | U10: =I10*0.95 -> 0.2625 | V10: =J10*0.95 -> 0.2625 | AD10: =SUM(R10:AC10) -> 1.3125 | AE10: =IFERROR(AD10/$E10,0) -> 0.39583333
A11: 7 | B11: SUP.10 | C11: =CA_개요!C11 -> 변경요청관리 | D11: =CA_개요!E11 -> 관리/LOE | E11: =가정!$C$32*CA_개요!H11 -> 2.8421053 | F11: =$E11/가정!$C$31 -> 0.23684211 | G11: =$E11/가정!$C$31 -> 0.23684211 | H11: =$E11/가정!$C$31 -> 0.23684211 | I11: =$E11/가정!$C$31 -> 0.23684211 | J11: =$E11/가정!$C$31 -> 0.23684211 | K11: =$E11/가정!$C$31 -> 0.23684211 | L11: =$E11/가정!$C$31 -> 0.23684211 | M11: =$E11/가정!$C$31 -> 0.23684211 | ... Q11: =$E11/가정!$C$31 -> 0.23684211 | R11: =F11*0.95 -> 0.225 | S11: =G11*0.95 -> 0.225 | T11: =H11*0.95 -> 0.225 | U11: =I11*0.95 -> 0.225 | V11: =J11*0.95 -> 0.225 | AD11: =SUM(R11:AC11) -> 1.125 | AE11: =IFERROR(AD11/$E11,0) -> 0.39583333
A12: 8 | B12: SUP.11 | C12: =CA_개요!C12 -> ML 데이터관리(ASW에 포함) | D12: =CA_개요!E12 -> ASW | E12: =가정!$C$32*CA_개요!H12 -> 3.2195122 | F12: =$E12/가정!$C$31 -> 0.26829268 | G12: =$E12/가정!$C$31 -> 0.26829268 | H12: =$E12/가정!$C$31 -> 0.26829268 | I12: =$E12/가정!$C$31 -> 0.26829268 | J12: =$E12/가정!$C$31 -> 0.26829268 | K12: =$E12/가정!$C$31 -> 0.26829268 | L12: =$E12/가정!$C$31 -> 0.26829268 | M12: =$E12/가정!$C$31 -> 0.26829268 | ... Q12: =$E12/가정!$C$31 -> 0.26829268 | R12: =F12*0.96 -> 0.25756098 | S12: =G12*0.96 -> 0.25756098 | T12: =H12*0.96 -> 0.25756098 | U12: =I12*0.96 -> 0.25756098 | V12: =J12*0.96 -> 0.25756098 | AD12: =SUM(R12:AC12) -> 1.2878049 | AE12: =IFERROR(AD12/$E12,0) -> 0.4
A13: 9 | B13: SYS.2 | C13: =CA_개요!C13 -> 시스템 요구사항분석 | D13: =CA_개요!E13 -> 시스템 | E13: =가정!$C$32*CA_개요!H13 -> 2.2857143 | F13: =$E13/가정!$C$31 -> 0.19047619 | G13: =$E13/가정!$C$31 -> 0.19047619 | H13: =$E13/가정!$C$31 -> 0.19047619 | I13: =$E13/가정!$C$31 -> 0.19047619 | J13: =$E13/가정!$C$31 -> 0.19047619 | K13: =$E13/가정!$C$31 -> 0.19047619 | L13: =$E13/가정!$C$31 -> 0.19047619 | M13: =$E13/가정!$C$31 -> 0.19047619 | ... Q13: =$E13/가정!$C$31 -> 0.19047619 | R13: =F13*0.96 -> 0.18285714 | S13: =G13*0.96 -> 0.18285714 | T13: =H13*0.96 -> 0.18285714 | U13: =I13*0.96 -> 0.18285714 | V13: =J13*0.96 -> 0.18285714 | AD13: =SUM(R13:AC13) -> 0.91428571 | AE13: =IFERROR(AD13/$E13,0) -> 0.4
A14: 10 | B14: SYS.3 | C14: =CA_개요!C14 -> 시스템 아키텍처설계 | D14: =CA_개요!E14 -> 시스템 | E14: =가정!$C$32*CA_개요!H14 -> 1.9047619 | F14: =$E14/가정!$C$31 -> 0.15873016 | G14: =$E14/가정!$C$31 -> 0.15873016 | H14: =$E14/가정!$C$31 -> 0.15873016 | I14: =$E14/가정!$C$31 -> 0.15873016 | J14: =$E14/가정!$C$31 -> 0.15873016 | K14: =$E14/가정!$C$31 -> 0.15873016 | L14: =$E14/가정!$C$31 -> 0.15873016 | M14: =$E14/가정!$C$31 -> 0.15873016 | ... Q14: =$E14/가정!$C$31 -> 0.15873016 | R14: =F14*0.96 -> 0.15238095 | S14: =G14*0.96 -> 0.15238095 | T14: =H14*0.96 -> 0.15238095 | U14: =I14*0.96 -> 0.15238095 | V14: =J14*0.96 -> 0.15238095 | AD14: =SUM(R14:AC14) -> 0.76190476 | AE14: =IFERROR(AD14/$E14,0) -> 0.4
A15: 11 | B15: SYS.4 | C15: =CA_개요!C15 -> 시스템 통합/통합검증 | D15: =CA_개요!E15 -> 시스템 | E15: =가정!$C$32*CA_개요!H15 -> 1.9047619 | F15: =$E15/가정!$C$31 -> 0.15873016 | G15: =$E15/가정!$C$31 -> 0.15873016 | H15: =$E15/가정!$C$31 -> 0.15873016 | I15: =$E15/가정!$C$31 -> 0.15873016 | J15: =$E15/가정!$C$31 -> 0.15873016 | K15: =$E15/가정!$C$31 -> 0.15873016 | L15: =$E15/가정!$C$31 -> 0.15873016 | M15: =$E15/가정!$C$31 -> 0.15873016 | ... Q15: =$E15/가정!$C$31 -> 0.15873016 | R15: =F15*0.96 -> 0.15238095 | S15: =G15*0.96 -> 0.15238095 | T15: =H15*0.96 -> 0.15238095 | U15: =I15*0.96 -> 0.15238095 | V15: =J15*0.96 -> 0.15238095 | AD15: =SUM(R15:AC15) -> 0.76190476 | AE15: =IFERROR(AD15/$E15,0) -> 0.4
A16: 12 | B16: SYS.5 | C16: =CA_개요!C16 -> 시스템 검증 | D16: =CA_개요!E16 -> 시스템 | E16: =가정!$C$32*CA_개요!H16 -> 1.9047619 | F16: =$E16/가정!$C$31 -> 0.15873016 | G16: =$E16/가정!$C$31 -> 0.15873016 | H16: =$E16/가정!$C$31 -> 0.15873016 | I16: =$E16/가정!$C$31 -> 0.15873016 | J16: =$E16/가정!$C$31 -> 0.15873016 | K16: =$E16/가정!$C$31 -> 0.15873016 | L16: =$E16/가정!$C$31 -> 0.15873016 | M16: =$E16/가정!$C$31 -> 0.15873016 | ... Q16: =$E16/가정!$C$31 -> 0.15873016 | R16: =F16*0.96 -> 0.15238095 | S16: =G16*0.96 -> 0.15238095 | T16: =H16*0.96 -> 0.15238095 | U16: =I16*0.96 -> 0.15238095 | V16: =J16*0.96 -> 0.15238095 | AD16: =SUM(R16:AC16) -> 0.76190476 | AE16: =IFERROR(AD16/$E16,0) -> 0.4
A17: 13 | B17: SWE.1 | C17: =CA_개요!C17 -> SW 요구사항분석 | D17: =CA_개요!E17 -> 공통(SW설계) | E17: =가정!$C$32*CA_개요!H17 -> 3.2727273 | F17: =$E17/가정!$C$31 -> 0.27272727 | G17: =$E17/가정!$C$31 -> 0.27272727 | H17: =$E17/가정!$C$31 -> 0.27272727 | I17: =$E17/가정!$C$31 -> 0.27272727 | J17: =$E17/가정!$C$31 -> 0.27272727 | K17: =$E17/가정!$C$31 -> 0.27272727 | L17: =$E17/가정!$C$31 -> 0.27272727 | M17: =$E17/가정!$C$31 -> 0.27272727 | ... Q17: =$E17/가정!$C$31 -> 0.27272727 | R17: =F17*0.96 -> 0.26181818 | S17: =G17*0.96 -> 0.26181818 | T17: =H17*0.96 -> 0.26181818 | U17: =I17*0.96 -> 0.26181818 | V17: =J17*0.96 -> 0.26181818 | AD17: =SUM(R17:AC17) -> 1.3090909 | AE17: =IFERROR(AD17/$E17,0) -> 0.4
A18: 14 | B18: SWE.2 | C18: =CA_개요!C18 -> SW 아키텍처설계 | D18: =CA_개요!E18 -> 공통(SW설계) | E18: =가정!$C$32*CA_개요!H18 -> 2.7272727 | F18: =$E18/가정!$C$31 -> 0.22727273 | G18: =$E18/가정!$C$31 -> 0.22727273 | H18: =$E18/가정!$C$31 -> 0.22727273 | I18: =$E18/가정!$C$31 -> 0.22727273 | J18: =$E18/가정!$C$31 -> 0.22727273 | K18: =$E18/가정!$C$31 -> 0.22727273 | L18: =$E18/가정!$C$31 -> 0.22727273 | M18: =$E18/가정!$C$31 -> 0.22727273 | ... Q18: =$E18/가정!$C$31 -> 0.22727273 | R18: =F18*0.96 -> 0.21818182 | S18: =G18*0.96 -> 0.21818182 | T18: =H18*0.96 -> 0.21818182 | U18: =I18*0.96 -> 0.21818182 | V18: =J18*0.96 -> 0.21818182 | AD18: =SUM(R18:AC18) -> 1.0909091 | AE18: =IFERROR(AD18/$E18,0) -> 0.4
A19: 15 | B19: SWE.3-ASW | C19: =CA_개요!C19 -> SW 상세설계/단위구현(ASW) | D19: =CA_개요!E19 -> ASW | E19: =가정!$C$32*CA_개요!H19 -> 2.6829268 | F19: =$E19/가정!$C$31 -> 0.22357724 | G19: =$E19/가정!$C$31 -> 0.22357724 | H19: =$E19/가정!$C$31 -> 0.22357724 | I19: =$E19/가정!$C$31 -> 0.22357724 | J19: =$E19/가정!$C$31 -> 0.22357724 | K19: =$E19/가정!$C$31 -> 0.22357724 | L19: =$E19/가정!$C$31 -> 0.22357724 | M19: =$E19/가정!$C$31 -> 0.22357724 | ... Q19: =$E19/가정!$C$31 -> 0.22357724 | R19: =F19*0.96 -> 0.21463415 | S19: =G19*0.96 -> 0.21463415 | T19: =H19*0.96 -> 0.21463415 | U19: =I19*0.96 -> 0.21463415 | V19: =J19*0.96 -> 0.21463415 | AD19: =SUM(R19:AC19) -> 1.0731707 | AE19: =IFERROR(AD19/$E19,0) -> 0.4
A20: 16 | B20: SWE.3-BSW | C20: =CA_개요!C20 -> SW 상세설계/단위구현(BSW) | D20: =CA_개요!E20 -> BSW | E20: =가정!$C$32*CA_개요!H20 -> 10 | F20: =$E20/가정!$C$31 -> 0.83333333 | G20: =$E20/가정!$C$31 -> 0.83333333 | H20: =$E20/가정!$C$31 -> 0.83333333 | I20: =$E20/가정!$C$31 -> 0.83333333 | J20: =$E20/가정!$C$31 -> 0.83333333 | K20: =$E20/가정!$C$31 -> 0.83333333 | L20: =$E20/가정!$C$31 -> 0.83333333 | M20: =$E20/가정!$C$31 -> 0.83333333 | ... Q20: =$E20/가정!$C$31 -> 0.83333333 | R20: =F20*0.96 -> 0.8 | S20: =G20*0.96 -> 0.8 | T20: =H20*0.96 -> 0.8 | U20: =I20*0.96 -> 0.8 | V20: =J20*0.96 -> 0.8 | AD20: =SUM(R20:AC20) -> 4 | AE20: =IFERROR(AD20/$E20,0) -> 0.4
A21: 17 | B21: SWE.4-ASW | C21: =CA_개요!C21 -> SW 단위검증(ASW) | D21: =CA_개요!E21 -> ASW | E21: =가정!$C$32*CA_개요!H21 -> 2.6829268 | F21: =$E21/가정!$C$31 -> 0.22357724 | G21: =$E21/가정!$C$31 -> 0.22357724 | H21: =$E21/가정!$C$31 -> 0.22357724 | I21: =$E21/가정!$C$31 -> 0.22357724 | J21: =$E21/가정!$C$31 -> 0.22357724 | K21: =$E21/가정!$C$31 -> 0.22357724 | L21: =$E21/가정!$C$31 -> 0.22357724 | M21: =$E21/가정!$C$31 -> 0.22357724 | ... Q21: =$E21/가정!$C$31 -> 0.22357724 | R21: =F21*0.96 -> 0.21463415 | S21: =G21*0.96 -> 0.21463415 | T21: =H21*0.96 -> 0.21463415 | U21: =I21*0.96 -> 0.21463415 | V21: =J21*0.96 -> 0.21463415 | AD21: =SUM(R21:AC21) -> 1.0731707 | AE21: =IFERROR(AD21/$E21,0) -> 0.4
A22: 18 | B22: SWE.4-BSW | C22: =CA_개요!C22 -> SW 단위검증(BSW) | D22: =CA_개요!E22 -> BSW | E22: =가정!$C$32*CA_개요!H22 -> 10 | F22: =$E22/가정!$C$31 -> 0.83333333 | G22: =$E22/가정!$C$31 -> 0.83333333 | H22: =$E22/가정!$C$31 -> 0.83333333 | I22: =$E22/가정!$C$31 -> 0.83333333 | J22: =$E22/가정!$C$31 -> 0.83333333 | K22: =$E22/가정!$C$31 -> 0.83333333 | L22: =$E22/가정!$C$31 -> 0.83333333 | M22: =$E22/가정!$C$31 -> 0.83333333 | ... Q22: =$E22/가정!$C$31 -> 0.83333333 | R22: =F22*0.96 -> 0.8 | S22: =G22*0.96 -> 0.8 | T22: =H22*0.96 -> 0.8 | U22: =I22*0.96 -> 0.8 | V22: =J22*0.96 -> 0.8 | AD22: =SUM(R22:AC22) -> 4 | AE22: =IFERROR(AD22/$E22,0) -> 0.4
A23: 19 | B23: SWE.5 | C23: =CA_개요!C23 -> SW 통합/통합검증 | D23: =CA_개요!E23 -> 통합 | E23: =가정!$C$32*CA_개요!H23 -> 6 | F23: =$E23/가정!$C$31 -> 0.5 | G23: =$E23/가정!$C$31 -> 0.5 | H23: =$E23/가정!$C$31 -> 0.5 | I23: =$E23/가정!$C$31 -> 0.5 | J23: =$E23/가정!$C$31 -> 0.5 | K23: =$E23/가정!$C$31 -> 0.5 | L23: =$E23/가정!$C$31 -> 0.5 | M23: =$E23/가정!$C$31 -> 0.5 | ... Q23: =$E23/가정!$C$31 -> 0.5 | R23: =F23*0.96 -> 0.48 | S23: =G23*0.96 -> 0.48 | T23: =H23*0.96 -> 0.48 | U23: =I23*0.96 -> 0.48 | V23: =J23*0.96 -> 0.48 | AD23: =SUM(R23:AC23) -> 2.4 | AE23: =IFERROR(AD23/$E23,0) -> 0.4
... A33: 29 | B33: HWE.4 | C33: =CA_개요!C33 -> HW 요구사항검증 | D33: =CA_개요!E33 -> HW | E33: =가정!$C$32*CA_개요!H33 -> 1.5 | F33: =$E33/가정!$C$31 -> 0.125 | G33: =$E33/가정!$C$31 -> 0.125 | H33: =$E33/가정!$C$31 -> 0.125 | I33: =$E33/가정!$C$31 -> 0.125 | J33: =$E33/가정!$C$31 -> 0.125 | K33: =$E33/가정!$C$31 -> 0.125 | L33: =$E33/가정!$C$31 -> 0.125 | M33: =$E33/가정!$C$31 -> 0.125 | ... Q33: =$E33/가정!$C$31 -> 0.125 | R33: =F33*0.96 -> 0.12 | S33: =G33*0.96 -> 0.12 | T33: =H33*0.96 -> 0.12 | U33: =I33*0.96 -> 0.12 | V33: =J33*0.96 -> 0.12 | AD33: =SUM(R33:AC33) -> 0.6 | AE33: =IFERROR(AD33/$E33,0) -> 0.4
C35: 전체 합계 | E35: =SUM(E5:E33) -> 100 | AD35: =SUM(AD5:AD33) -> 39.964474

Sheet EVMS_대시보드
A4: CA No | B4: Process | C4: CA명 | D4: BAC(총계획MM) | E4: BCWS(계획누적) | F4: BCWP(성과, 진도율기반) | G4: ACWP(실적누적) | H4: SV | I4: CV | J4: SPI | K4: CPI | M4: 현재 시점(경과 개월) | N4: 5 | O4: 정렬키(동점처리용) | P4: BAC(원) | Q4: BCWS(원) | R4: BCWP(원) | S4: ACWP(원)
A5: 1 | B5: ACQ.4 | C5: =CA_개요!C5 -> 협약/공급자 모니터링 | D5: =실적MM_입력!E5 -> 8 | E5: =$D5*($N$4/가정!$C$31) -> 3.3333333 | F5: =$D5*CA_개요!J5/100 -> 6.8 | G5: =SUMPRODUCT((실적MM_입력!$B$5:$B$33=B5)*실적MM_입력!$AD$5:$AD$33) -> 3.2 | H5: =F5-E5 -> 3.4666667 | I5: =F5-G5 -> 3.6 | J5: =IFERROR(F5/E5,0) -> 2.04 | K5: =IFERROR(F5/G5,0) -> 2.125 | M5: ← 현재 몇 개월째인지 입력(1~12) | O5: =K5+ROW()*0.0000001 -> 2.1250005 | P5: =D5*가정!$C$42 -> 64000000 | Q5: =E5*가정!$C$42 -> 26666667 | R5: =F5*가정!$C$42 -> 54400000 | S5: =G5*가정!$C$42 -> 25600000
A6: 2 | B6: SPL.2 | C6: =CA_개요!C6 -> 제품 릴리스 관리 | D6: =실적MM_입력!E6 -> 4 | E6: =$D6*($N$4/가정!$C$31) -> 1.6666667 | F6: =$D6*CA_개요!J6/100 -> 3 | G6: =SUMPRODUCT((실적MM_입력!$B$5:$B$33=B6)*실적MM_입력!$AD$5:$AD$33) -> 1.6 | H6: =F6-E6 -> 1.3333333 | I6: =F6-G6 -> 1.4 | J6: =IFERROR(F6/E6,0) -> 1.8 | K6: =IFERROR(F6/G6,0) -> 1.875 | O6: =K6+ROW()*0.0000001 -> 1.8750006 | P6: =D6*가정!$C$42 -> 32000000 | Q6: =E6*가정!$C$42 -> 13333333 | R6: =F6*가정!$C$42 -> 24000000 | S6: =G6*가정!$C$42 -> 12800000
A7: 3 | B7: MAN.3 | C7: =CA_개요!C7 -> 프로젝트 관리 | D7: =실적MM_입력!E7 -> 4.7368421 | E7: =$D7*($N$4/가정!$C$31) -> 1.9736842 | F7: =$D7*CA_개요!J7/100 -> 4.0263158 | G7: =SUMPRODUCT((실적MM_입력!$B$5:$B$33=B7)*실적MM_입력!$AD$5:$AD$33) -> 1.9144737 | H7: =F7-E7 -> 2.0526316 | I7: =F7-G7 -> 2.1118421 | J7: =IFERROR(F7/E7,0) -> 2.04 | K7: =IFERROR(F7/G7,0) -> 2.1030928 | O7: =K7+ROW()*0.0000001 -> 2.1030935 | P7: =D7*가정!$C$42 -> 37894737 | Q7: =E7*가정!$C$42 -> 15789474 | R7: =F7*가정!$C$42 -> 32210526 | S7: =G7*가정!$C$42 -> 15315789
A8: 4 | B8: SUP.1 | C8: =CA_개요!C8 -> 품질보증(QA) | D8: =실적MM_입력!E8 -> 3.3157895 | E8: =$D8*($N$4/가정!$C$31) -> 1.3815789 | F8: =$D8*CA_개요!J8/100 -> 2.2514211 | G8: =SUMPRODUCT((실적MM_입력!$B$5:$B$33=B8)*실적MM_입력!$AD$5:$AD$33) -> 1.3125 | H8: =F8-E8 -> 0.86984211 | I8: =F8-G8 -> 0.93892105 | J8: =IFERROR(F8/E8,0) -> 1.6296 | K8: =IFERROR(F8/G8,0) -> 1.7153684 | O8: =K8+ROW()*0.0000001 -> 1.7153692 | P8: =D8*가정!$C$42 -> 26526316 | Q8: =E8*가정!$C$42 -> 11052632 | R8: =F8*가정!$C$42 -> 18011368 | S8: =G8*가정!$C$42 -> 10500000
A9: 5 | B9: SUP.8 | C9: =CA_개요!C9 -> 형상관리(CM) | D9: =실적MM_입력!E9 -> 3.7894737 | E9: =$D9*($N$4/가정!$C$31) -> 1.5789474 | F9: =$D9*CA_개요!J9/100 -> 2.7246316 | G9: =SUMPRODUCT((실적MM_입력!$B$5:$B$33=B9)*실적MM_입력!$AD$5:$AD$33) -> 1.5 | H9: =F9-E9 -> 1.1456842 | I9: =F9-G9 -> 1.2246316 | J9: =IFERROR(F9/E9,0) -> 1.7256 | K9: =IFERROR(F9/G9,0) -> 1.8164211 | O9: =K9+ROW()*0.0000001 -> 1.816422 | P9: =D9*가정!$C$42 -> 30315789 | Q9: =E9*가정!$C$42 -> 12631579 | R9: =F9*가정!$C$42 -> 21797053 | S9: =G9*가정!$C$42 -> 12000000
A10: 6 | B10: SUP.9 | C10: =CA_개요!C10 -> 문제해결관리 | D10: =실적MM_입력!E10 -> 3.3157895 | E10: =$D10*($N$4/가정!$C$31) -> 1.3815789 | F10: =$D10*CA_개요!J10/100 -> 2.2514211 | G10: =SUMPRODUCT((실적MM_입력!$B$5:$B$33=B10)*실적MM_입력!$AD$5:$AD$33) -> 1.3125 | H10: =F10-E10 -> 0.86984211 | I10: =F10-G10 -> 0.93892105 | J10: =IFERROR(F10/E10,0) -> 1.6296 | K10: =IFERROR(F10/G10,0) -> 1.7153684 | O10: =K10+ROW()*0.0000001 -> 1.7153694 | P10: =D10*가정!$C$42 -> 26526316 | Q10: =E10*가정!$C$42 -> 11052632 | R10: =F10*가정!$C$42 -> 18011368 | S10: =G10*가정!$C$42 -> 10500000
A11: 7 | B11: SUP.10 | C11: =CA_개요!C11 -> 변경요청관리 | D11: =실적MM_입력!E11 -> 2.8421053 | E11: =$D11*($N$4/가정!$C$31) -> 1.1842105 | F11: =$D11*CA_개요!J11/100 -> 1.7763158 | G11: =SUMPRODUCT((실적MM_입력!$B$5:$B$33=B11)*실적MM_입력!$AD$5:$AD$33) -> 1.125 | H11: =F11-E11 -> 0.59210526 | I11: =F11-G11 -> 0.65131579 | J11: =IFERROR(F11/E11,0) -> 1.5 | K11: =IFERROR(F11/G11,0) -> 1.5789474 | O11: =K11+ROW()*0.0000001 -> 1.5789485 | P11: =D11*가정!$C$42 -> 22736842 | Q11: =E11*가정!$C$42 -> 9473684.2 | R11: =F11*가정!$C$42 -> 14210526 | S11: =G11*가정!$C$42 -> 9000000
A12: 8 | B12: SUP.11 | C12: =CA_개요!C12 -> ML 데이터관리(ASW에 포함) | D12: =실적MM_입력!E12 -> 3.2195122 | E12: =$D12*($N$4/가정!$C$31) -> 1.3414634 | F12: =$D12*CA_개요!J12/100 -> 2.4146341 | G12: =SUMPRODUCT((실적MM_입력!$B$5:$B$33=B12)*실적MM_입력!$AD$5:$AD$33) -> 1.2878049 | H12: =F12-E12 -> 1.0731707 | I12: =F12-G12 -> 1.1268293 | J12: =IFERROR(F12/E12,0) -> 1.8 | K12: =IFERROR(F12/G12,0) -> 1.875 | O12: =K12+ROW()*0.0000001 -> 1.8750012 | P12: =D12*가정!$C$42 -> 25756098 | Q12: =E12*가정!$C$42 -> 10731707 | R12: =F12*가정!$C$42 -> 19317073 | S12: =G12*가정!$C$42 -> 10302439
A13: 9 | B13: SYS.2 | C13: =CA_개요!C13 -> 시스템 요구사항분석 | D13: =실적MM_입력!E13 -> 2.2857143 | E13: =$D13*($N$4/가정!$C$31) -> 0.95238095 | F13: =$D13*CA_개요!J13/100 -> 2.2857143 | G13: =SUMPRODUCT((실적MM_입력!$B$5:$B$33=B13)*실적MM_입력!$AD$5:$AD$33) -> 0.91428571 | H13: =F13-E13 -> 1.3333333 | I13: =F13-G13 -> 1.3714286 | J13: =IFERROR(F13/E13,0) -> 2.4 | K13: =IFERROR(F13/G13,0) -> 2.5 | O13: =K13+ROW()*0.0000001 -> 2.5000013 | P13: =D13*가정!$C$42 -> 18285714 | Q13: =E13*가정!$C$42 -> 7619047.6 | R13: =F13*가정!$C$42 -> 18285714 | S13: =G13*가정!$C$42 -> 7314285.7
A14: 10 | B14: SYS.3 | C14: =CA_개요!C14 -> 시스템 아키텍처설계 | D14: =실적MM_입력!E14 -> 1.9047619 | E14: =$D14*($N$4/가정!$C$31) -> 0.79365079 | F14: =$D14*CA_개요!J14/100 -> 1.9047619 | G14: =SUMPRODUCT((실적MM_입력!$B$5:$B$33=B14)*실적MM_입력!$AD$5:$AD$33) -> 0.76190476 | H14: =F14-E14 -> 1.1111111 | I14: =F14-G14 -> 1.1428571 | J14: =IFERROR(F14/E14,0) -> 2.4 | K14: =IFERROR(F14/G14,0) -> 2.5 | O14: =K14+ROW()*0.0000001 -> 2.5000014 | P14: =D14*가정!$C$42 -> 15238095 | Q14: =E14*가정!$C$42 -> 6349206.3 | R14: =F14*가정!$C$42 -> 15238095 | S14: =G14*가정!$C$42 -> 6095238.1
A15: 11 | B15: SYS.4 | C15: =CA_개요!C15 -> 시스템 통합/통합검증 | D15: =실적MM_입력!E15 -> 1.9047619 | E15: =$D15*($N$4/가정!$C$31) -> 0.79365079 | F15: =$D15*CA_개요!J15/100 -> 1.047619 | G15: =SUMPRODUCT((실적MM_입력!$B$5:$B$33=B15)*실적MM_입력!$AD$5:$AD$33) -> 0.76190476 | H15: =F15-E15 -> 0.25396825 | I15: =F15-G15 -> 0.28571429 | J15: =IFERROR(F15/E15,0) -> 1.32 | K15: =IFERROR(F15/G15,0) -> 1.375 | O15: =K15+ROW()*0.0000001 -> 1.3750015 | P15: =D15*가정!$C$42 -> 15238095 | Q15: =E15*가정!$C$42 -> 6349206.3 | R15: =F15*가정!$C$42 -> 8380952.4 | S15: =G15*가정!$C$42 -> 6095238.1
A16: 12 | B16: SYS.5 | C16: =CA_개요!C16 -> 시스템 검증 | D16: =실적MM_입력!E16 -> 1.9047619 | E16: =$D16*($N$4/가정!$C$31) -> 0.79365079 | F16: =$D16*CA_개요!J16/100 -> 0.19047619 | G16: =SUMPRODUCT((실적MM_입력!$B$5:$B$33=B16)*실적MM_입력!$AD$5:$AD$33) -> 0.76190476 | H16: =F16-E16 -> -0.6031746 | I16: =F16-G16 -> -0.57142857 | J16: =IFERROR(F16/E16,0) -> 0.24 | K16: =IFERROR(F16/G16,0) -> 0.25 | O16: =K16+ROW()*0.0000001 -> 0.2500016 | P16: =D16*가정!$C$42 -> 15238095 | Q16: =E16*가정!$C$42 -> 6349206.3 | R16: =F16*가정!$C$42 -> 1523809.5 | S16: =G16*가정!$C$42 -> 6095238.1
A17: 13 | B17: SWE.1 | C17: =CA_개요!C17 -> SW 요구사항분석 | D17: =실적MM_입력!E17 -> 3.2727273 | E17: =$D17*($N$4/가정!$C$31) -> 1.3636364 | F17: =$D17*CA_개요!J17/100 -> 3.2727273 | G17: =SUMPRODUCT((실적MM_입력!$B$5:$B$33=B17)*실적MM_입력!$AD$5:$AD$33) -> 1.3090909 | H17: =F17-E17 -> 1.9090909 | I17: =F17-G17 -> 1.9636364 | J17: =IFERROR(F17/E17,0) -> 2.4 | K17: =IFERROR(F17/G17,0) -> 2.5 | O17: =K17+ROW()*0.0000001 -> 2.5000017 | P17: =D17*가정!$C$42 -> 26181818 | Q17: =E17*가정!$C$42 -> 10909091 | R17: =F17*가정!$C$42 -> 26181818 | S17: =G17*가정!$C$42 -> 10472727
... A33: 29 | B33: HWE.4 | C33: =CA_개요!C33 -> HW 요구사항검증 | D33: =실적MM_입력!E33 -> 1.5 | E33: =$D33*($N$4/가정!$C$31) -> 0.625 | F33: =$D33*CA_개요!J33/100 -> 0.1875 | G33: =SUMPRODUCT((실적MM_입력!$B$5:$B$33=B33)*실적MM_입력!$AD$5:$AD$33) -> 0.6 | H33: =F33-E33 -> -0.4375 | I33: =F33-G33 -> -0.4125 | J33: =IFERROR(F33/E33,0) -> 0.3 | K33: =IFERROR(F33/G33,0) -> 0.3125 | O33: =K33+ROW()*0.0000001 -> 0.3125033 | P33: =D33*가정!$C$42 -> 12000000 | Q33: =E33*가정!$C$42 -> 5000000 | R33: =F33*가정!$C$42 -> 1500000 | S33: =G33*가정!$C$42 -> 4800000
C35: 프로젝트 전체 | D35: =SUM(D5:D33) -> 100 | E35: =SUM(E5:E33) -> 41.666667 | F35: =SUM(F5:F33) -> 78.543286 | G35: =SUM(G5:G33) -> 39.964474 | H35: =F35-E35 -> 36.87662 | I35: =F35-G35 -> 38.578813 | J35: =IFERROR(F35/E35,0) -> 1.8850389 | K35: =IFERROR(F35/G35,0) -> 1.9653277 | P35: =SUM(P5:P33) -> 8e+08 | Q35: =SUM(Q5:Q33) -> 3.3333333e+08 | R35: =SUM(R5:R33) -> 6.2834629e+08 | S35: =SUM(S5:S33) -> 3.1971579e+08

Sheet SWE34_계층별_채점보충
A4: Process | B4: 계층 | C4: BP# | D4: 산출물명 | E4: 계획수립 (0/5/10) | F4: 작성 (0/10/20/30/40) | G4: 동료검토 (0/10/20) | H4: 보고/승인 (0/10/20) | I4: PM체크 (0/5/10) | J4: 합계 | K4: 등급 | L4: 비고 | N4: 등급 변환 기준(원본 워크북과 동일)
A5: SWE.3 | B5: ASW | C5: 1 | D5: Software Detailed Design / 소프트웨어 상세설계서(정적측면) | J5: =SUM(E5:I5) -> 0 | K5: =IF(J5>=95,"S",IF(J5>=80,"A",IF(J5>=60,"B",IF(J5>=35,"C","D")))) -> D | N5: S | O5: 95~100 | P5: 전 단계 사실상 완료, 게이트 리스크 없음
A6: SWE.3 | B6: BSW | C6: 1 | D6: Software Detailed Design / 소프트웨어 상세설계서(정적측면) | J6: =SUM(E6:I6) -> 0 | K6: =IF(J6>=95,"S",IF(J6>=80,"A",IF(J6>=60,"B",IF(J6>=35,"C","D")))) -> D | N6: A | O6: 80~94 | P6: 산출물 완성·검토·승인 완료, 경미한 절차 누락
A7: SWE.3 | B7: ASW | C7: 2 | D7: Software Detailed Design / 소프트웨어 상세설계서(동적측면) | J7: =SUM(E7:I7) -> 0 | K7: =IF(J7>=95,"S",IF(J7>=80,"A",IF(J7>=60,"B",IF(J7>=35,"C","D")))) -> D | N7: B | O7: 60~79 | P7: 작성은 완료되었으나 검토/승인 등 절차 진행 중
A8: SWE.3 | B8: BSW | C8: 2 | D8: Software Detailed Design / 소프트웨어 상세설계서(동적측면) | J8: =SUM(E8:I8) -> 0 | K8: =IF(J8>=95,"S",IF(J8>=80,"A",IF(J8>=60,"B",IF(J8>=35,"C","D")))) -> D | N8: C | O8: 35~59 | P8: 초안 수준, 주요 절차(검토·승인) 미흡
A9: SWE.3 | B9: ASW | C9: 3 | D9: Software Unit / 소프트웨어 단위(소스코드) | J9: =SUM(E9:I9) -> 0 | K9: =IF(J9>=95,"S",IF(J9>=80,"A",IF(J9>=60,"B",IF(J9>=35,"C","D")))) -> D | N9: D | O9: 0~34 | P9: 사실상 미착수/미작성
A10: SWE.3 | B10: BSW | C10: 3 | D10: Software Unit / 소프트웨어 단위(소스코드) | J10: =SUM(E10:I10) -> 0 | K10: =IF(J10>=95,"S",IF(J10>=80,"A",IF(J10>=60,"B",IF(J10>=35,"C","D")))) -> D
A11: SWE.3 | B11: ASW | C11: 4 | D11: Consistency Evidence / 상세설계-아키텍처/소스코드/요구사항 추적성 매트릭스 | J11: =SUM(E11:I11) -> 0 | K11: =IF(J11>=95,"S",IF(J11>=80,"A",IF(J11>=60,"B",IF(J11>=35,"C","D")))) -> D
A12: SWE.3 | B12: BSW | C12: 4 | D12: Consistency Evidence / 상세설계-아키텍처/소스코드/요구사항 추적성 매트릭스 | J12: =SUM(E12:I12) -> 0 | K12: =IF(J12>=95,"S",IF(J12>=80,"A",IF(J12>=60,"B",IF(J12>=35,"C","D")))) -> D
A13: SWE.3 | B13: ASW | C13: 5 | D13: Communication Evidence / 합의된 상세설계 및 SW단위 공유기록 | J13: =SUM(E13:I13) -> 0 | K13: =IF(J13>=95,"S",IF(J13>=80,"A",IF(J13>=60,"B",IF(J13>=35,"C","D")))) -> D
A14: SWE.3 | B14: BSW | C14: 5 | D14: Communication Evidence / 합의된 상세설계 및 SW단위 공유기록 | J14: =SUM(E14:I14) -> 0 | K14: =IF(J14>=95,"S",IF(J14>=80,"A",IF(J14>=60,"B",IF(J14>=35,"C","D")))) -> D
A15: SWE.4 | B15: ASW | C15: 1 | D15: Verification Measure / 소프트웨어 단위검증 방안서 | J15: =SUM(E15:I15) -> 0 | K15: =IF(J15>=95,"S",IF(J15>=80,"A",IF(J15>=60,"B",IF(J15>=35,"C","D")))) -> D
A16: SWE.4 | B16: BSW | C16: 1 | D16: Verification Measure / 소프트웨어 단위검증 방안서 | J16: =SUM(E16:I16) -> 0 | K16: =IF(J16>=95,"S",IF(J16>=80,"A",IF(J16>=60,"B",IF(J16>=35,"C","D")))) -> D
A17: SWE.4 | B17: ASW | C17: 2 | D17: Verification Measure Selection Set / 단위검증 방안 선정목록 | J17: =SUM(E17:I17) -> 0 | K17: =IF(J17>=95,"S",IF(J17>=80,"A",IF(J17>=60,"B",IF(J17>=35,"C","D")))) -> D
A18: SWE.4 | B18: BSW | C18: 2 | D18: Verification Measure Selection Set / 단위검증 방안 선정목록 | J18: =SUM(E18:I18) -> 0 | K18: =IF(J18>=95,"S",IF(J18>=80,"A",IF(J18>=60,"B",IF(J18>=35,"C","D")))) -> D
A19: SWE.4 | B19: ASW | C19: 3 | D19: Verification Results / 소프트웨어 단위검증 결과서 | J19: =SUM(E19:I19) -> 0 | K19: =IF(J19>=95,"S",IF(J19>=80,"A",IF(J19>=60,"B",IF(J19>=35,"C","D")))) -> D
A20: SWE.4 | B20: BSW | C20: 3 | D20: Verification Results / 소프트웨어 단위검증 결과서 | J20: =SUM(E20:I20) -> 0 | K20: =IF(J20>=95,"S",IF(J20>=80,"A",IF(J20>=60,"B",IF(J20>=35,"C","D")))) -> D
A21: SWE.4 | B21: ASW | C21: 4 | D21: Consistency Evidence / 검증방안-SW단위/검증결과 추적성 매트릭스 | J21: =SUM(E21:I21) -> 0 | K21: =IF(J21>=95,"S",IF(J21>=80,"A",IF(J21>=60,"B",IF(J21>=35,"C","D")))) -> D
... A24: SWE.4 | B24: BSW | C24: 5 | D24: Communication Evidence / SW단위검증 결과 요약보고서 | J24: =SUM(E24:I24) -> 0 | K24: =IF(J24>=95,"S",IF(J24>=80,"A",IF(J24>=60,"B",IF(J24>=35,"C","D")))) -> D

Sheet 수기채점_가이드
A4: 월 | B4: 검토대상 Discrete WP 총수 | C4: 표본추출 목표 | D4: 실제재검토 개수 | E4: 편차발견 건수 | F4: 편차내용 요약 | G4: 검토자 | H4: 조치사항
A5: M1 | B5: =COUNTIF(WP_상세!$H$5:$H$500,"Discrete") -> 153 | C5: =$D$18 -> 46 | E5: 1 | F5: 경미한 표기 오류 | G5: 박OO(PM)
A6: M2 | B6: =COUNTIF(WP_상세!$H$5:$H$500,"Discrete") -> 153 | C6: =$D$18 -> 46 | E6: 0 | F6: 편차 없음 | G6: 박OO(PM) | H6: 특이사항 없음
A7: M3 | B7: =COUNTIF(WP_상세!$H$5:$H$500,"Discrete") -> 153 | C7: =$D$18 -> 46 | E7: 1 | F7: 경미한 근거자료 누락 | G7: 박OO(PM)
A8: M4 | B8: =COUNTIF(WP_상세!$H$5:$H$500,"Discrete") -> 153 | C8: =$D$18 -> 46 | E8: 1 | F8: 경미한 채점 편차 | G8: 박OO(PM) | H8: 특이사항 없음
A9: M5 | B9: =COUNTIF(WP_상세!$H$5:$H$500,"Discrete") -> 153 | C9: =$D$18 -> 46 | E9: 0 | F9: 편차 없음 | G9: 박OO(PM)
A10: M6 | B10: =COUNTIF(WP_상세!$H$5:$H$500,"Discrete") -> 153 | C10: =$D$18 -> 46
A11: M7 | B11: =COUNTIF(WP_상세!$H$5:$H$500,"Discrete") -> 153 | C11: =$D$18 -> 46
A12: M8 | B12: =COUNTIF(WP_상세!$H$5:$H$500,"Discrete") -> 153 | C12: =$D$18 -> 46
A13: M9 | B13: =COUNTIF(WP_상세!$H$5:$H$500,"Discrete") -> 153 | C13: =$D$18 -> 46
A14: M10 | B14: =COUNTIF(WP_상세!$H$5:$H$500,"Discrete") -> 153 | C14: =$D$18 -> 46
A15: M11 | B15: =COUNTIF(WP_상세!$H$5:$H$500,"Discrete") -> 153 | C15: =$D$18 -> 46
A16: M12 | B16: =COUNTIF(WP_상세!$H$5:$H$500,"Discrete") -> 153 | C16: =$D$18 -> 46
B18: 표본추출 기준개수(자동계산) | D18: =ROUNDUP(COUNTIF(WP_상세!$H$5:$H$500,"Discrete")*0.3,0) -> 46
B20: ① 채점 원칙
B21: • | C21: 채점은 원본 자가평가 워크북(및 SWE34_계층별_채점보충)의 5개 기준(계획수립/작성/동료검토/보고승인/PM체크)을 그대로 적용한다.
B22: • | C22: 숫자만 적지 않고, 반드시 근거자료(리뷰 회의록, 이슈트래커 상태, 산출물 버전이력 등)를 WP_상세의 '근거자료' 열에 함께 기록한다.
B23: • | C23: 채점자 본인이 스스로 판단하기 애매한 경우 낮은 점수 쪽으로 보수적으로 채점한다(과대평가 방지).
B25: ② 월간 CAM/PM 표본재검토 절차 (전체 Discrete WP의 30%)
B26: • | C26: 매월 CAM이 자체 채점을 완료하면, PM(또는 지정된 검토자)이 전체 Discrete WP 중 무작위 30%를 표본 추출해 재검토한다.
B27: • | C27: 재검토 결과 자체채점과 5점 이상 차이가 나는 항목은 '편차'로 기록하고, 사유를 확인해 필요시 점수를 조정한다.
B28: • | C28: 누적된 편차 데이터는 향후 채점 신뢰도 개선 및 계획곡선 보정(설계문서 12장)의 근거로 활용한다.

Sheet 재기준선_변경로그
A4: 변경ID | B4: 신청일 | C4: 신청자(CAM) | D4: 변경 사유 | E4: 영향 CA | F4: 영향범위 (일정/원가/스코프) | G4: 승인자 | H4: 승인일 | I4: 누적 재기준선 횟수 | J4: 비고
A5: RB-001 | I5: =COUNTA($A$5:A5) -> 1
A6: RB-002 | I6: =COUNTA($A$5:A6) -> 2
A7: RB-003 | I7: =COUNTA($A$5:A7) -> 3
A8: RB-004 | I8: =COUNTA($A$5:A8) -> 4
A9: RB-005 | I9: =COUNTA($A$5:A9) -> 5
A10: RB-006 | I10: =COUNTA($A$5:A10) -> 6
A11: RB-007 | I11: =COUNTA($A$5:A11) -> 7
A12: RB-008 | I12: =COUNTA($A$5:A12) -> 8
A13: RB-009 | I13: =COUNTA($A$5:A13) -> 9
A14: RB-010 | I14: =COUNTA($A$5:A14) -> 10

Sheet 배포게이트_체크리스트
A4: 체크 항목 | B4: 가중치(%) | C4: 상태 | D4: 담당자 | E4: 일자 | F4: 비고
A5: 빌드 완료 | B5: 0.2 | C5: 완료 | D5: 김OO | E5: 2026-XX-XX
A6: 회귀시험 통과 | B6: 0.3 | C6: 진행중 | D6: 이OO | F6: 계획대로 순항 중
A7: 배포 패키지 준비/승인 | B7: 0.2 | C7: 미완료 | F7: P1 마일스톤 이후 예정대로 진행
A8: EVMS 정합성 점검 완료 (신규) | B8: 0.1 | C8: 완료 | D8: 박OO(PM) | E8: 2026-XX-XX | F8: 특이사항 없음
A9: 고객 승인 서명 | B9: 0.2 | C9: 미완료
A10: 합계 | B10: =SUM(B5:B9) -> 1

Sheet 프로젝트예산_현금성
A4: 예산 항목명 | B4: 성격 | C4: 연결 CA | D4: 계획금액(원, BAC) | E4: 집행 예정 마일스톤 | F4: 진도율(%, CA평가점수 연동) | G4: BCWP(원) | H4: 실적집행액(원, ACWP) | I4: CV(원) | J4: 집행률(%) | K4: BCWS(원) | L4: SV(원) | M4: SPI | N4: 비고
A5: BSW 외주개발 용역비 | B5: 외주용역 | C5: SWE.3-BSW | D5: 150000000 | E5: =IFERROR(IF(ISNUMBER(SEARCH("~",INDEX(CA_개요!$F$5:$F$33,MATCH(C5,CA_개요!$B$5:$B$33,0)))),MID(INDEX(CA_개요!$F$5:$F$33,MATCH(C5,CA_개요!$B$5:$B$33,0)),SEARCH("~",INDEX(CA_개요!$F$5:$F$33,MATCH(C5,CA_개요!$B$5:$B$33,0)))+1,20),INDEX(CA_개요!$F$5:$F$33,MATCH(C5,CA_개요!$B$5:$B$33,0))),"") -> roto | F5: =IFERROR(INDEX(CA_개요!$J$5:$J$33,MATCH(C5,CA_개요!$B$5:$B$33,0))/100,0) -> 1 | G5: =D5*F5 -> 150000000 | H5: 144000000 | I5: =G5-H5 -> 6000000 | J5: =IFERROR(H5/D5,0) -> 0.96 | K5: =IFERROR(IF(IFERROR(EVMS_대시보드!$N$4/가정!$C$31,0)>=INDEX(가정!$C$46:$C$50,MATCH(E5,가정!$B$46:$B$50,0)),D5,0),0) -> 0 | L5: =G5-K5 -> 150000000 | M5: =IFERROR(G5/K5,0) -> 0 | N5: 외주계약 체결 후 실제 계약금액으로 교체
A6: BSW 외주 단위검증 용역비 | B6: 외주용역 | C6: SWE.4-BSW | D6: 80000000 | E6: =IFERROR(IF(ISNUMBER(SEARCH("~",INDEX(CA_개요!$F$5:$F$33,MATCH(C6,CA_개요!$B$5:$B$33,0)))),MID(INDEX(CA_개요!$F$5:$F$33,MATCH(C6,CA_개요!$B$5:$B$33,0)),SEARCH("~",INDEX(CA_개요!$F$5:$F$33,MATCH(C6,CA_개요!$B$5:$B$33,0)))+1,20),INDEX(CA_개요!$F$5:$F$33,MATCH(C6,CA_개요!$B$5:$B$33,0))),"") -> roto | F6: =IFERROR(INDEX(CA_개요!$J$5:$J$33,MATCH(C6,CA_개요!$B$5:$B$33,0))/100,0) -> 1 | G6: =D6*F6 -> 80000000 | H6: 76800000 | I6: =G6-H6 -> 3200000 | J6: =IFERROR(H6/D6,0) -> 0.96 | K6: =IFERROR(IF(IFERROR(EVMS_대시보드!$N$4/가정!$C$31,0)>=INDEX(가정!$C$46:$C$50,MATCH(E6,가정!$B$46:$B$50,0)),D6,0),0) -> 0 | L6: =G6-K6 -> 80000000 | M6: =IFERROR(G6/K6,0) -> 0 | N6: BSW 외주개발 용역비와 별도 계약인 경우 분리 관리
A7: 검증시험 외주용역비 | B7: 외주용역 | C7: ACQ.4 | D7: 60000000 | E7: =IFERROR(IF(ISNUMBER(SEARCH("~",INDEX(CA_개요!$F$5:$F$33,MATCH(C7,CA_개요!$B$5:$B$33,0)))),MID(INDEX(CA_개요!$F$5:$F$33,MATCH(C7,CA_개요!$B$5:$B$33,0)),SEARCH("~",INDEX(CA_개요!$F$5:$F$33,MATCH(C7,CA_개요!$B$5:$B$33,0)))+1,20),INDEX(CA_개요!$F$5:$F$33,MATCH(C7,CA_개요!$B$5:$B$33,0))),"") -> -Car~P1 | F7: =IFERROR(INDEX(CA_개요!$J$5:$J$33,MATCH(C7,CA_개요!$B$5:$B$33,0))/100,0) -> 0.85 | G7: =D7*F7 -> 51000000 | H7: 0 | I7: =G7-H7 -> 51000000 | J7: =IFERROR(H7/D7,0) -> 0 | K7: =IFERROR(IF(IFERROR(EVMS_대시보드!$N$4/가정!$C$31,0)>=INDEX(가정!$C$46:$C$50,MATCH(E7,가정!$B$46:$B$50,0)),D7,0),0) -> 0 | L7: =G7-K7 -> 51000000 | M7: =IFERROR(G7/K7,0) -> 0 | N7: 외부 인증/검증시험 기관 위탁 비용
A8: 시작용 제어기 제작비(A샘플) | B8: 시작품비 | C8: HWE.2 | D8: 40000000 | E8: =IFERROR(IF(ISNUMBER(SEARCH("~",INDEX(CA_개요!$F$5:$F$33,MATCH(C8,CA_개요!$B$5:$B$33,0)))),MID(INDEX(CA_개요!$F$5:$F$33,MATCH(C8,CA_개요!$B$5:$B$33,0)),SEARCH("~",INDEX(CA_개요!$F$5:$F$33,MATCH(C8,CA_개요!$B$5:$B$33,0)))+1,20),INDEX(CA_개요!$F$5:$F$33,MATCH(C8,CA_개요!$B$5:$B$33,0))),"") -> -Car | F8: =IFERROR(INDEX(CA_개요!$J$5:$J$33,MATCH(C8,CA_개요!$B$5:$B$33,0))/100,0) -> 1 | G8: =D8*F8 -> 40000000 | H8: 38400000 | I8: =G8-H8 -> 1600000 | J8: =IFERROR(H8/D8,0) -> 0.96 | K8: =IFERROR(IF(IFERROR(EVMS_대시보드!$N$4/가정!$C$31,0)>=INDEX(가정!$C$46:$C$50,MATCH(E8,가정!$B$46:$B$50,0)),D8,0),0) -> 0 | L8: =G8-K8 -> 40000000 | M8: =IFERROR(G8/K8,0) -> 0 | N8: A샘플 HW 제작·구매 비용
A9: 시작용 제어기 제작비(B샘플) | B9: 시작품비 | C9: HWE.4 | D9: 50000000 | E9: =IFERROR(IF(ISNUMBER(SEARCH("~",INDEX(CA_개요!$F$5:$F$33,MATCH(C9,CA_개요!$B$5:$B$33,0)))),MID(INDEX(CA_개요!$F$5:$F$33,MATCH(C9,CA_개요!$B$5:$B$33,0)),SEARCH("~",INDEX(CA_개요!$F$5:$F$33,MATCH(C9,CA_개요!$B$5:$B$33,0)))+1,20),INDEX(CA_개요!$F$5:$F$33,MATCH(C9,CA_개요!$B$5:$B$33,0))),"") -> 1~P2 | F9: =IFERROR(INDEX(CA_개요!$J$5:$J$33,MATCH(C9,CA_개요!$B$5:$B$33,0))/100,0) -> 0.125 | G9: =D9*F9 -> 6250000 | H9: 0 | I9: =G9-H9 -> 6250000 | J9: =IFERROR(H9/D9,0) -> 0 | K9: =IFERROR(IF(IFERROR(EVMS_대시보드!$N$4/가정!$C$31,0)>=INDEX(가정!$C$46:$C$50,MATCH(E9,가정!$B$46:$B$50,0)),D9,0),0) -> 0 | L9: =G9-K9 -> 6250000 | M9: =IFERROR(G9/K9,0) -> 0 | N9: B샘플 HW 제작·구매 비용(양산 검증용)
A11: 합계(현금성 예산 전체) | D11: =SUM(D5:D9) -> 380000000 | G11: =SUM(G5:G9) -> 327250000 | H11: =SUM(H5:H9) -> 259200000 | I11: =SUM(I5:I9) -> 68050000 | J11: =IFERROR(H11/D11,0) -> 0.68210526 | K11: =SUM(K5:K9) -> 0 | L11: =G11-K11 -> 327250000 | M11: =IFERROR(G11/K11,0) -> 0
